drop database if exists sports;
create database sports;
use sports;
create table runs (RunID int,date datetime,distance int,  CONSTRAINT runsPK PRIMARY KEY (RunID));
CREATE TABLE members (ID INT,fname VARCHAR(50),lname VARCHAR(50),sex CHAR(1),birth INT,CONSTRAINT memberPK PRIMARY KEY (ID));
create table results (RunId int,ID int,runtime decimal(10,2),CONSTRAINT ResultPK PRIMARY KEY (RunID, ID),CONSTRAINT ResultrunsFK FOREIGN KEY (RunId) REFERENCES runs (RunID),CONSTRAINT ResultmemberFK FOREIGN KEY (ID) REFERENCES members (ID));
INSERT INTO `members` VALUES 
(0,'Ottis','Rubalcava','M',1989),
(1,'Carter','Vattikuti','M',1980),
(2,'Geneva','Primavera','F',2004),
(3,'Mac','Mundel','M',1976),
(4,'Kerry','Levis','M',1994),
(5,'Marvin','Holbrooks','M',1976),
(6,'Beulah','Left','F',1987),
(7,'Alexus','Farr','F',1993),
(8,'Bruno','Mccullen','M',2005),
(9,'Steve','Crace','M',1991),
(10,'Dwain','Lyda','M',2000),
(11,'Doshia','Aamot','F',1974),
(12,'Ramiro','Landberg','M',1989),
(13,'Mandy','Wardlow','F',1975),
(14,'Margaret','Kusterer','M',1969),
(15,'Maymie','Floros','F',1992),
(16,'Merlin','Sarks','M',2000),
(17,'Emilio','Levandowski','M',1982),
(18,'Freda','Casler','F',1990),
(19,'Christian','Schluter','M',1977),
(20,'Jaylon','Wolny','M',1973),
(21,'Marisela','Koenigstein','F',1974),
(22,'Viva','Buday','F',1990),
(23,'Jordan','Comeau','F',1999),
(24,'Kathryn','Wenderoth','F',1976),
(25,'Susanna','Kintz','F',1971),
(26,'Kelly','Guinan','M',2005),
(27,'Carmen','Kottman','F',1995),
(28,'Quinton','Donat','M',2006),
(29,'Shelia','Peirson','F',2004),
(30,'Christine','Plaster','F',1977),
(31,'Nigel','Kratofil','M',2000),
(32,'Ira','Kurihara','F',1996),
(33,'Charles','Nowell','M',1993),
(34,'Dorthy','Fondell','F',1993),
(35,'Curtiss','Atallah','M',2003),
(36,'Jessie','Vanzyl','F',1983),
(37,'Chet','Vandiford','M',1986),
(38,'Shelby','Torress','M',1974),
(39,'Lawyer','Luckie','M',1982),
(40,'Vida','Ferencz','F',1973),
(41,'Tucker','Butzlaff','M',1979),
(42,'Ivory','Scotton','M',2002),
(43,'Gaylord','Pikula','M',2004),
(44,'Lauretta','Veltman','F',1993),
(45,'Royal','Brush','M',1987),
(46,'Dillard','Cobarrubias','M',2006),
(47,'Mark','Magone','M',1981),
(48,'Edward','Beermann','M',1983),
(49,'Tommie','Mcknight','F',1998),
(50,'Tim','Brant','M',1991),
(51,'Frances','Schomberg','F',1998),
(52,'Bryan','Magaziner','M',1994),
(53,'Skylar','Sault','F',2006),
(54,'Margaretta','Bayley','F',2001),
(55,'Luke','Uyehara','M',1994),
(56,'Elbert','Gass','M',1993),
(57,'Cora','Zezima','F',1989),
(58,'Raquel','Fratzke','F',2003),
(59,'Margurite','Pezzimenti','F',2002),
(60,'Lelia','Hickethier','F',1969),
(61,'Eugene','Bashi','M',2000),
(62,'Stacey','Iannuzzi','M',2002),
(63,'Cleda','Mckimley','F',2004),
(64,'Pierce','Karl','M',1981),
(65,'Mickie','Bettle','F',1990),
(66,'Cheryl','Leroux','F',1996),
(67,'Cris','Strandburg','M',1991),
(68,'Carroll','Hides','M',1981),
(69,'Dominick','Crays','M',1995),
(70,'Sadie','Siskey','F',2001),
(71,'Christie','Aroca','F',1978),
(72,'Willis','Lout','M',1997),
(73,'Roselyn','Desamparo','F',1970),
(74,'Jerrell','Diza','M',1982),
(75,'Carleen','Barmer','F',1983),
(76,'Jesus','Arguellez','M',1980),
(77,'Merrill','Holshovser','M',2003),
(78,'Cornelius','Altmiller','M',1986),
(79,'Guadalupe','Demchok','F',1985),
(80,'Flora','Filby','F',1997),
(81,'Emma','Clausi','F',2006),
(82,'Benton','Daughtry','M',1994),
(83,'Carmella','Eismann','F',1997),
(84,'Miner','Malette','M',2006),
(85,'Norman','Oquin','M',1999),
(86,'Bonnie','Schmelzer','F',1971),
(87,'Walker','Schwander','M',2004),
(88,'David','Gostomski','M',1978),
(89,'Grace','Laycock','F',1988),
(90,'Jacob','Mcfarlen','M',1979),
(91,'Olga','Shearing','F',1980),
(92,'Jeana','Bilal','F',1977),
(93,'Dennis','Rhorer','M',2006),
(94,'Annetta','Hauman','F',2003),
(95,'Elizabeth','Schaefer','F',1999),
(96,'Edna','Swayze','F',1980),
(97,'Tonia','Lyde','F',2002),
(98,'Spencer','Reents','M',1992),
(99,'Monte','Warholic','M',1973),
(100,'Earle','Rangel','M',1969),
(101,'Lucas','Mietus','M',1989),
(102,'Royal','Ogrodowicz','M',1968),
(103,'Helen','Brisker','F',1997),
(104,'Catherine','Hatta','F',1973),
(105,'Dulce','Cusatis','F',1990),
(106,'Jean','Scarnati','F',1980),
(107,'Jamey','Correy','M',1975),
(108,'Benedict','Gering','M',1987),
(109,'Ingrid','Konig','F',1985),
(110,'Angela','Shaddock','F',2003),
(111,'Mikel','Stray','M',2000),
(112,'Cori','Dearo','F',1988),
(113,'Harold','Gremer','M',2003),
(114,'Willia','Diskind','F',1980),
(115,'Sam','Genualdo','M',1988),
(116,'Violette','Wilner','F',1991),
(117,'Dominique','Klepfer','M',1992),
(118,'Silas','Bartkiewicz','M',1997),
(119,'Esperanza','Aziz','F',2006),
(120,'Camille','Haflett','F',1996),
(121,'Maggie','Smucker','F',1979),
(122,'Philomene','Platten','F',1987),
(123,'Sophia','Hoffpauir','F',2003),
(124,'Juan','Romenesko','M',2003),
(125,'Scott','Wally','M',1997),
(126,'Beth','Dair','F',2003),
(127,'Carmel','Omo','F',2006),
(128,'Sandy','Lench','M',1986),
(129,'Chaim','Behning','M',1971),
(130,'Wilfred','Nobile','M',1978),
(131,'Darius','Bosket','M',2002),
(132,'Hyman','Wanders','M',1983),
(133,'Gaynell','Librizzi','F',1986),
(134,'Judson','Tutas','M',1975),
(135,'Diana','Tarbet','F',1991),
(136,'Daryl','Alexader','M',1997),
(137,'Aileen','Glasco','F',1986),
(138,'Dellar','Vallegos','F',1977),
(139,'Leontine','Heimlich','F',1974),
(140,'Bulah','Daubenmire','F',1985),
(141,'Lesa','Pereda','F',2000),
(142,'Margaret','Rainone','M',1981),
(143,'Rodolfo','Bew','M',1979),
(144,'Maryann','Streitenberge','F',1979),
(145,'Sidney','Frickel','M',1985),
(146,'Cheryle','Duchesne','F',1982),
(147,'Delmer','Frusciante','M',1977),
(148,'Laurence','Stampley','M',1993),
(149,'Ferrell','Kanai','M',1977),
(150,'Yvonne','Kirkwood','F',1987),
(151,'Emilie','Rucks','F',1970),
(152,'Kimberly','Simmonds','F',1976),
(153,'Chalmers','Brelje','M',1980),
(154,'Quinn','Emberley','F',2005),
(155,'Anie','Kritz','F',1973),
(156,'Robin','Waycott','M',2001),
(157,'Myra','Salviejo','F',1992),
(158,'Casey','Adrien','M',1971),
(159,'Annetta','Arcangel','F',1996),
(160,'Trudy','Brautigam','F',1971),
(161,'Josephine','Almestica','F',2002),
(162,'Damian','Malas','M',1991),
(163,'Barney','Floyd','M',1993),
(164,'Bobby','Olvedo','M',1980),
(165,'Humphrey','Shaline','M',2003),
(166,'Duke','Tschannen','M',1996),
(167,'Yolanda','Kressler','F',1992),
(168,'Henry','Lambie','F',1982),
(169,'Golda','Barjas','F',1985),
(170,'Retha','Lons','F',1982),
(171,'Blair','Lauchaire','M',1988),
(172,'Efrain','Stobaugh','M',1977),
(173,'Jewell','Bergfeld','F',1996),
(174,'Claudine','Terinoni','F',1984),
(175,'Vennie','Larrabee','F',1993),
(176,'Gordon','Weedman','M',1975),
(177,'Nathaniel','Moschetto','M',2002),
(178,'Cristopher','Govin','M',1989),
(179,'Rhoda','Yoes','F',1984),
(180,'Derwin','Golebiowski','M',1976),
(181,'Valery','Maroun','F',1985),
(182,'Garfield','Anauo','M',1992),
(183,'Guadalupe','Whitcome','M',1986),
(184,'Dayton','Kastl','M',2000),
(185,'Lesa','Lazenberry','F',1998),
(186,'Erwin','Achord','M',1999),
(187,'Deanna','Mesaros','F',1984),
(188,'Tex','Scolnik','M',1982),
(189,'Perla','Tevebaugh','F',1991),
(190,'Johnna','Thongchanh','F',1981),
(191,'Rosanna','Reyburn','F',1981),
(192,'Florine','Stuffle','F',1978),
(193,'Carley','Winzenried','F',1977),
(194,'Barbara','Orourke','F',1976),
(195,'Timmothy','Duchscherer','M',1975),
(196,'Gertie','Braniff','F',1971),
(197,'Shelbi','Dammrich','F',1972),
(198,'Bernadine','Belnas','F',1995),
(199,'Riley','Foat','F',1989),
(200,'Jim','Gaucin','M',1993),
(201,'Katheryn','Artice','F',1974),
(202,'Velma','Mahanna','F',2006),
(203,'Bobbie','Naef','F',1998),
(204,'Louisa','Heydel','F',1990),
(205,'Marcie','Hayden','F',1982),
(206,'Kay','Kimbley','F',1984),
(207,'Marcia','Holtrop','F',1990),
(208,'Easter','Burtless','F',1968),
(209,'George','Sickles','F',2006),
(210,'Felipe','Maile','M',1993),
(211,'Rowland','Monington','M',1978),
(212,'Lavera','Henchel','F',1984),
(213,'Roena','Steinhart','F',1993),
(214,'Stephanie','Pinal','F',1990),
(215,'Zelma','Miyazaki','F',1973),
(216,'Gabriel','Berczel','M',1985),
(217,'Budd','Ferber','M',2002),
(218,'Maribel','Lagman','F',1971),
(219,'Lexi','Hryniewich','F',1987),
(220,'Myra','Tober','F',1970),
(221,'Cohen','Preuitt','M',1976),
(222,'Gerry','Pooni','F',1981),
(223,'Eleanor','Warzecha','F',1970),
(224,'Cristian','Landfair','M',2004),
(225,'Martha','Rehart','F',1994),
(226,'Billie','Bachtold','M',1990),
(227,'Aubrey','Serafin','M',1970),
(228,'Addie','Fredrick','F',2003),
(229,'Benjamin','Flakes','M',1976),
(230,'Creola','Denoyelles','F',1975),
(231,'Jedidiah','Cashion','M',1977),
(232,'Timothy','Culmer','M',2001),
(233,'Freda','Neidenbach','F',1987),
(234,'Jeremey','Sivley','M',1991),
(235,'Elsa','Radziwon','F',1968),
(236,'Eleanor','Odair','F',1977),
(237,'Landon','Switalski','M',2003),
(238,'Ammie','Mininger','F',1990),
(239,'Hector','Inglis','M',1990),
(240,'Ramon','Contras','M',2004),
(241,'Merle','Diaco','M',1994),
(242,'Bradford','Ortego','M',2003),
(243,'Traci','Hymer','F',1993),
(244,'Lawrence','Cassata','M',1978),
(245,'Laurence','Bal','M',2004),
(246,'Angeline','Chadd','F',1990),
(247,'Llewellyn','Geery','M',2002),
(248,'Mollie','Whittington','F',1981),
(249,'Simon','Gersch','M',1973),
(250,'Eva','Drust','F',1980),
(251,'Gloria','Fragassi','F',1989),
(252,'Forest','Smolinski','M',1998),
(253,'Carmelita','Cormia','F',1980),
(254,'Lynette','Bonow','F',1983),
(255,'Lottie','Winkenwerder','F',1983),
(256,'Justina','Clemenza','F',2002),
(257,'Rhiannon','Trial','F',1978),
(258,'Oma','Maczko','F',2003),
(259,'Lavonne','Tookmanian','F',1970),
(260,'Heather','Betthauser','F',2002),
(261,'Nora','Caparelli','F',1993),
(262,'Marlee','Malakan','F',1998),
(263,'Gloria','Greene','F',1970),
(264,'Parker','Tandetzke','M',1969),
(265,'Elliott','Shalhoub','M',1977),
(266,'Alexander','Kronberger','M',2003),
(267,'Roberto','Shadow','M',1979),
(268,'Larissa','Schmeltzer','F',1972),
(269,'Elvie','Kaumo','F',1974),
(270,'Lavern','Zanis','M',1977),
(271,'Irene','Luangrath','F',1996),
(272,'Ray','Stgeorge','M',1972),
(273,'Chad','Winston','M',1997),
(274,'Adline','Lamothe','F',2003),
(275,'Isabell','Raub','F',1978),
(276,'Carlton','Mcstay','M',1990),
(277,'Kim','Stapelton','M',1984),
(278,'Jonas','Mounkes','M',1996),
(279,'Odie','Letender','M',1973),
(280,'Annie','Lavzon','F',2000),
(281,'Coleman','Visovsky','M',1996),
(282,'Larry','Rubash','M',1970),
(283,'Chaz','Tays','M',1976),
(284,'Orlando','Whetsel','M',1972),
(285,'Darwin','Merkt','M',2002),
(286,'Emilie','Palagi','F',2006),
(287,'Magdalene','Mckane','F',1974),
(288,'Humberto','Pixley','M',1969),
(289,'Berenice','Emfield','F',1985),
(290,'Lela','Gruca','F',1992),
(291,'Josefa','Abadi','F',1986),
(292,'Haleigh','Seipp','F',1972),
(293,'Louise','Mauceri','F',1992),
(294,'Wendell','Serrant','M',1985),
(295,'Brent','Sonderup','M',1996),
(296,'Portia','Amsinger','F',1982),
(297,'Gregorio','Cusworth','M',2003),
(298,'Kylie','Godina','F',1989),
(299,'Olivia','Meineke','F',1978);INSERT INTO `runs` VALUES 
(0,'20150406',3000),
(1,'20150406',5000),
(2,'20150406',400),
(3,'20150406',5000),
(4,'20150406',800),
(5,'20150408',400),
(6,'20150409',5000),
(7,'20150413',400),
(8,'20150413',1500),
(9,'20150415',3000),
(10,'20150419',3000),
(11,'20150419',5000),
(12,'20150419',400),
(13,'20150421',400),
(14,'20150425',3000),
(15,'20150428',5000),
(16,'20150429',800),
(17,'20150502',5000),
(18,'20150502',400),
(19,'20150507',400),
(20,'20150507',800),
(21,'20150510',800),
(22,'20150513',800),
(23,'20150516',3000),
(24,'20150516',800),
(25,'20150516',400),
(26,'20150516',5000),
(27,'20150516',3000),
(28,'20150516',800),
(29,'20150516',3000),
(30,'20150520',400),
(31,'20150520',1500),
(32,'20150521',1500),
(33,'20150524',800),
(34,'20150524',3000),
(35,'20150527',3000),
(36,'20150527',400),
(37,'20150527',3000),
(38,'20150530',3000),
(39,'20150530',800),
(40,'20150531',800),
(41,'20150604',5000),
(42,'20150607',5000),
(43,'20150610',5000),
(44,'20150610',3000),
(45,'20150610',800),
(46,'20150612',3000),
(47,'20150614',400),
(48,'20150614',5000),
(49,'20150614',800);INSERT INTO `results` VALUES 
(1,148,'1311.25'),
(2,148,'65.82'),
(3,148,'1448.66'),
(5,148,'69.93'),
(6,148,'1465.44'),
(7,148,'89.14'),
(9,148,'604.33'),
(10,148,'710.63'),
(11,148,'1391.54'),
(12,148,'74.78'),
(13,148,'86.44'),
(14,148,'676.91'),
(15,148,'1719.53'),
(17,148,'1761.56'),
(18,148,'76.97'),
(19,148,'100.67'),
(20,148,'124.36'),
(22,148,'206.47'),
(25,148,'89.17'),
(28,148,'139.90'),
(30,148,'80.80'),
(36,148,'90.87'),
(37,148,'656.96'),
(39,148,'171.47'),
(42,148,'1472.54'),
(44,148,'705.95'),
(47,148,'82.38'),
(49,148,'126.99'),
(2,270,'85.71'),
(5,270,'82.48'),
(6,270,'2160.90'),
(7,270,'79.17'),
(12,270,'76.07'),
(13,270,'99.18'),
(14,270,'685.41'),
(16,270,'139.69'),
(18,270,'92.19'),
(19,270,'95.31'),
(21,270,'137.97'),
(22,270,'133.34'),
(25,270,'89.24'),
(26,270,'1536.06'),
(28,270,'147.45'),
(30,270,'107.47'),
(33,270,'127.06'),
(34,270,'629.80'),
(36,270,'78.45'),
(41,270,'1729.02'),
(43,270,'1829.23'),
(46,270,'718.24'),
(47,270,'91.03'),
(49,270,'142.49'),
(1,278,'1911.26'),
(2,278,'75.11'),
(3,278,'1741.49'),
(5,278,'89.19'),
(7,278,'90.89'),
(8,278,'390.86'),
(10,278,'680.18'),
(12,278,'95.39'),
(13,278,'86.56'),
(14,278,'802.01'),
(15,278,'1854.29'),
(16,278,'125.14'),
(17,278,'1851.79'),
(18,278,'96.54'),
(19,278,'86.68'),
(20,278,'135.17'),
(21,278,'176.32'),
(23,278,'683.06'),
(25,278,'96.32'),
(26,278,'1926.39'),
(30,278,'95.71'),
(32,278,'363.51'),
(34,278,'639.77'),
(35,278,'663.00'),
(36,278,'92.43'),
(40,278,'118.40'),
(47,278,'111.81'),
(48,278,'1793.86'),
(2,208,'78.83'),
(3,208,'1643.09'),
(5,208,'90.94'),
(7,208,'86.80'),
(9,208,'698.14'),
(10,208,'718.53'),
(11,208,'1717.45'),
(12,208,'99.23'),
(13,208,'83.15'),
(14,208,'609.46'),
(17,208,'2008.34'),
(18,208,'100.08'),
(19,208,'89.18'),
(20,208,'163.70'),
(21,208,'132.39'),
(22,208,'152.25'),
(23,208,'589.32'),
(25,208,'85.74'),
(26,208,'2109.77'),
(28,208,'145.16'),
(30,208,'83.15'),
(32,208,'375.46'),
(36,208,'110.17'),
(39,208,'153.32'),
(47,208,'102.20'),
(49,208,'153.50'),
(3,52,'1976.55'),
(5,52,'81.05'),
(13,52,'91.18'),
(15,52,'1550.46'),
(16,52,'165.40'),
(17,52,'1995.27'),
(20,52,'113.04'),
(24,52,'139.28'),
(26,52,'1947.22'),
(27,52,'639.97'),
(30,52,'101.81'),
(31,52,'344.31'),
(32,52,'358.25'),
(34,52,'608.51'),
(35,52,'670.75'),
(37,52,'577.33'),
(39,52,'138.32'),
(41,52,'2015.11'),
(44,52,'592.83'),
(45,52,'140.59'),
(47,52,'95.42'),
(49,52,'168.67'),
(1,92,'1519.95'),
(3,92,'1632.76'),
(7,92,'101.45'),
(12,92,'77.80'),
(14,92,'634.73'),
(15,92,'2169.51'),
(16,92,'145.12'),
(18,92,'85.21'),
(20,92,'181.88'),
(23,92,'658.80'),
(24,92,'138.50'),
(25,92,'96.37'),
(26,92,'1762.34'),
(28,92,'133.91'),
(29,92,'598.69'),
(32,92,'394.92'),
(33,92,'141.37'),
(39,92,'142.94'),
(40,92,'136.51'),
(41,92,'1740.98'),
(49,92,'183.91'),
(1,292,'1953.43'),
(3,292,'1512.75'),
(7,292,'62.77'),
(9,292,'648.79'),
(10,292,'714.76'),
(11,292,'1752.59'),
(14,292,'688.30'),
(16,292,'160.88'),
(17,292,'1692.76'),
(18,292,'96.59'),
(19,292,'102.29'),
(21,292,'160.37'),
(22,292,'135.66'),
(30,292,'84.68'),
(31,292,'377.83'),
(34,292,'609.14'),
(35,292,'601.22'),
(37,292,'604.47'),
(42,292,'1750.17'),
(43,292,'2132.95'),
(45,292,'172.17'),
(46,292,'753.32'),
(47,292,'72.20'),
(48,292,'1939.58'),
(49,292,'133.94'),
(4,267,'149.96'),
(15,267,'1675.77'),
(16,267,'146.81'),
(17,267,'1590.43'),
(26,267,'1872.56'),
(28,267,'128.84'),
(29,267,'551.00'),
(30,267,'90.91'),
(31,267,'419.96'),
(32,267,'379.19'),
(33,267,'157.33'),
(37,267,'552.01'),
(38,267,'631.95'),
(39,267,'159.58'),
(40,267,'136.81'),
(41,267,'2018.26'),
(42,267,'1700.14'),
(45,267,'152.64'),
(0,69,'746.87'),
(1,69,'1516.03'),
(4,69,'150.77'),
(5,69,'93.07'),
(6,69,'1939.20'),
(14,69,'518.01'),
(15,69,'1536.84'),
(17,69,'1762.64'),
(22,69,'136.93'),
(23,69,'636.38'),
(25,69,'87.21'),
(27,69,'695.56'),
(29,69,'666.94'),
(30,69,'109.92'),
(34,69,'743.68'),
(37,69,'624.88'),
(40,69,'144.44'),
(45,69,'147.15'),
(47,69,'93.17'),
(48,69,'1570.41'),
(49,69,'155.38'),
(0,194,'659.34'),
(4,194,'141.06'),
(6,194,'1763.82'),
(7,194,'78.26'),
(8,194,'394.23'),
(12,194,'99.38'),
(15,194,'1697.82'),
(20,194,'119.28'),
(21,194,'168.98'),
(24,194,'183.97'),
(25,194,'98.95'),
(26,194,'1920.06'),
(27,194,'686.65'),
(28,194,'136.70'),
(30,194,'83.77'),
(35,194,'707.98'),
(37,194,'611.00'),
(38,194,'612.08'),
(40,194,'161.68'),
(42,194,'1715.39'),
(44,194,'720.85'),
(49,194,'181.27'),
(0,64,'785.32'),
(3,64,'1734.16'),
(5,64,'75.28'),
(7,64,'69.74'),
(8,64,'333.05'),
(10,64,'637.77'),
(11,64,'1493.93'),
(13,64,'89.42'),
(15,64,'1814.11'),
(19,64,'87.52'),
(20,64,'146.81'),
(21,64,'149.90'),
(26,64,'1742.78'),
(27,64,'594.27'),
(28,64,'159.44'),
(29,64,'545.92'),
(32,64,'404.33'),
(36,64,'89.01'),
(37,64,'469.27'),
(40,64,'167.59'),
(42,64,'1985.39'),
(47,64,'91.47'),
(48,64,'1577.82'),
(0,128,'624.97'),
(1,128,'2345.56'),
(6,128,'1742.67'),
(8,128,'350.38'),
(9,128,'605.17'),
(10,128,'725.70'),
(11,128,'2157.86'),
(16,128,'152.95'),
(17,128,'1950.51'),
(19,128,'85.72'),
(20,128,'160.11'),
(22,128,'152.00'),
(24,128,'152.57'),
(26,128,'2058.82'),
(29,128,'510.18'),
(30,128,'95.88'),
(36,128,'83.36'),
(37,128,'713.52'),
(38,128,'723.88'),
(41,128,'1843.49'),
(43,128,'1796.39'),
(44,128,'623.51'),
(46,128,'679.25'),
(49,128,'145.82'),
(0,178,'706.98'),
(1,178,'1718.54'),
(6,178,'1542.45'),
(9,178,'688.38'),
(10,178,'689.93'),
(12,178,'93.77'),
(14,178,'595.23'),
(15,178,'1987.41'),
(16,178,'145.92'),
(21,178,'147.69'),
(22,178,'149.84'),
(24,178,'140.43'),
(25,178,'105.04'),
(29,178,'625.27'),
(33,178,'159.72'),
(34,178,'605.71'),
(36,178,'101.45'),
(42,178,'1716.90'),
(43,178,'1820.10'),
(47,178,'84.81'),
(1,213,'1970.81'),
(2,213,'88.84'),
(3,213,'1896.01'),
(4,213,'150.91'),
(8,213,'402.14'),
(9,213,'749.93'),
(15,213,'1735.30'),
(18,213,'84.08'),
(20,213,'153.30'),
(22,213,'145.38'),
(23,213,'536.64'),
(24,213,'132.75'),
(26,213,'1508.17'),
(30,213,'84.94'),
(35,213,'556.74'),
(36,213,'88.42'),
(39,213,'149.65'),
(42,213,'1645.00'),
(45,213,'156.60'),
(46,213,'543.54'),
(48,213,'1650.73'),
(4,89,'154.95'),
(5,89,'85.37'),
(7,89,'90.65'),
(8,89,'369.45'),
(11,89,'1641.89'),
(12,89,'111.72'),
(14,89,'733.91'),
(17,89,'2272.15'),
(19,89,'102.38'),
(21,89,'154.88'),
(24,89,'155.90'),
(25,89,'80.45'),
(28,89,'141.49'),
(30,89,'81.06'),
(31,89,'338.58'),
(33,89,'155.86'),
(34,89,'688.83'),
(37,89,'609.38'),
(38,89,'628.79'),
(41,89,'2037.59'),
(42,89,'2057.06'),
(44,89,'658.12'),
(47,89,'94.50'),
(4,197,'149.58'),
(7,197,'89.43'),
(11,197,'1928.93'),
(14,197,'790.30'),
(26,197,'1963.39'),
(27,197,'747.44'),
(28,197,'142.54'),
(30,197,'80.90'),
(32,197,'351.85'),
(33,197,'133.77'),
(34,197,'652.62'),
(35,197,'603.07'),
(36,197,'100.75'),
(37,197,'624.92'),
(39,197,'172.64'),
(42,197,'1932.95'),
(43,197,'1817.65'),
(1,142,'1658.98'),
(2,142,'76.54'),
(3,142,'1891.77'),
(4,142,'135.16'),
(5,142,'101.72'),
(10,142,'673.31'),
(11,142,'1647.25'),
(12,142,'118.12'),
(13,142,'73.99'),
(14,142,'550.18'),
(19,142,'74.13'),
(20,142,'141.62'),
(30,142,'97.48'),
(33,142,'157.72'),
(40,142,'165.97'),
(42,142,'1740.39'),
(43,142,'1603.62'),
(49,142,'125.61'),
(1,30,'2071.71'),
(4,30,'154.09'),
(5,30,'64.36'),
(7,30,'86.19'),
(8,30,'335.60'),
(9,30,'628.73'),
(12,30,'83.86'),
(13,30,'99.93'),
(14,30,'541.36'),
(15,30,'1845.37'),
(19,30,'96.69'),
(21,30,'137.40'),
(22,30,'152.13'),
(23,30,'522.56'),
(27,30,'557.11'),
(28,30,'123.20'),
(30,30,'88.60'),
(31,30,'389.83'),
(36,30,'89.06'),
(39,30,'152.20'),
(41,30,'1677.98'),
(45,30,'139.20'),
(47,30,'90.20'),
(49,30,'140.98'),
(2,70,'88.59'),
(5,70,'86.36'),
(7,70,'84.77'),
(8,70,'365.19'),
(10,70,'635.86'),
(11,70,'1884.44'),
(14,70,'647.69'),
(15,70,'1947.33'),
(17,70,'1691.79'),
(21,70,'181.95'),
(26,70,'1829.72'),
(27,70,'655.34'),
(28,70,'160.39'),
(33,70,'143.05'),
(35,70,'634.00'),
(36,70,'84.62'),
(40,70,'148.76'),
(41,70,'1952.60'),
(47,70,'67.38'),
(48,70,'1835.23'),
(2,206,'98.83'),
(5,206,'84.38'),
(9,206,'678.80'),
(11,206,'1917.33'),
(17,206,'1789.57'),
(19,206,'82.42'),
(24,206,'152.18'),
(26,206,'1821.77'),
(32,206,'454.29'),
(37,206,'633.07'),
(41,206,'1716.82'),
(42,206,'1873.69'),
(44,206,'704.72'),
(48,206,'1997.95'),
(0,252,'652.22'),
(3,252,'1639.46'),
(6,252,'1978.07'),
(7,252,'88.26'),
(9,252,'670.72'),
(14,252,'622.08'),
(15,252,'1782.12'),
(17,252,'1822.79'),
(20,252,'135.81'),
(21,252,'161.56'),
(22,252,'146.80'),
(23,252,'661.05'),
(24,252,'173.50'),
(25,252,'97.61'),
(26,252,'1737.91'),
(27,252,'701.63'),
(29,252,'564.75'),
(30,252,'68.91'),
(35,252,'695.23'),
(38,252,'654.37'),
(40,252,'139.17'),
(43,252,'1714.23'),
(44,252,'756.83'),
(10,167,'638.39'),
(11,167,'1658.50'),
(12,167,'90.50'),
(13,167,'81.16'),
(14,167,'755.78'),
(17,167,'2138.75'),
(19,167,'81.80'),
(20,167,'165.31'),
(21,167,'154.21'),
(22,167,'128.51'),
(26,167,'1772.01'),
(30,167,'96.15'),
(33,167,'158.27'),
(36,167,'94.71'),
(37,167,'635.09'),
(38,167,'558.36'),
(39,167,'155.62'),
(40,167,'146.45'),
(44,167,'670.85'),
(47,167,'87.85'),
(49,167,'167.59'),
(1,118,'1556.12'),
(2,118,'87.16'),
(4,118,'146.67'),
(5,118,'92.66'),
(10,118,'597.68'),
(12,118,'88.70'),
(13,118,'97.06'),
(18,118,'92.59'),
(19,118,'80.84'),
(21,118,'148.34'),
(24,118,'140.81'),
(26,118,'1429.91'),
(28,118,'145.09'),
(29,118,'724.65'),
(30,118,'92.57'),
(32,118,'377.19'),
(34,118,'623.21'),
(36,118,'91.79'),
(39,118,'137.74'),
(42,118,'1952.15'),
(45,118,'144.86'),
(46,118,'666.74'),
(0,19,'744.58'),
(1,19,'1896.88'),
(3,19,'1736.73'),
(4,19,'133.12'),
(5,19,'95.51'),
(7,19,'78.85'),
(8,19,'374.90'),
(9,19,'715.20'),
(11,19,'1596.36'),
(14,19,'680.65'),
(17,19,'1816.43'),
(19,19,'87.55'),
(22,19,'108.78'),
(23,19,'669.27'),
(25,19,'82.16'),
(28,19,'165.18'),
(29,19,'610.83'),
(30,19,'108.26'),
(31,19,'380.99'),
(36,19,'95.02'),
(40,19,'144.89'),
(41,19,'1690.64'),
(45,19,'124.24'),
(49,19,'164.94'),
(1,60,'1579.57'),
(4,60,'160.19'),
(7,60,'103.61'),
(15,60,'1744.53'),
(18,60,'97.26'),
(23,60,'667.96'),
(24,60,'197.22'),
(25,60,'83.52'),
(27,60,'598.35'),
(28,60,'158.81'),
(34,60,'624.08'),
(35,60,'661.56'),
(37,60,'593.01'),
(38,60,'486.39'),
(40,60,'179.44'),
(41,60,'1712.50'),
(43,60,'2016.73'),
(45,60,'146.25'),
(46,60,'607.33'),
(47,60,'85.34'),
(1,187,'1679.15'),
(7,187,'79.67'),
(12,187,'83.65'),
(13,187,'87.52'),
(15,187,'1925.78'),
(16,187,'151.91'),
(17,187,'1837.88'),
(20,187,'139.46'),
(22,187,'147.71'),
(26,187,'1688.59'),
(31,187,'357.05'),
(34,187,'626.12'),
(36,187,'86.72'),
(38,187,'651.86'),
(39,187,'161.37'),
(45,187,'146.56'),
(46,187,'632.76'),
(48,187,'1620.17'),
(0,29,'704.73'),
(1,29,'1635.63'),
(4,29,'145.49'),
(5,29,'89.59'),
(6,29,'2177.06'),
(7,29,'80.25'),
(8,29,'338.72'),
(10,29,'685.67'),
(11,29,'1908.15'),
(12,29,'97.04'),
(13,29,'71.70'),
(14,29,'570.15'),
(15,29,'1865.92'),
(17,29,'1912.29'),
(18,29,'92.79'),
(24,29,'158.34'),
(27,29,'617.77'),
(28,29,'145.16'),
(31,29,'374.62'),
(41,29,'1768.60'),
(43,29,'1903.36'),
(47,29,'107.39'),
(0,56,'634.43'),
(1,56,'1887.50'),
(3,56,'1547.62'),
(4,56,'163.08'),
(8,56,'411.10'),
(10,56,'705.66'),
(16,56,'159.21'),
(19,56,'90.09'),
(20,56,'158.17'),
(22,56,'137.63'),
(26,56,'1994.89'),
(27,56,'597.57'),
(31,56,'374.70'),
(37,56,'609.75'),
(39,56,'163.70'),
(43,56,'1761.91'),
(44,56,'590.77'),
(46,56,'594.12'),
(48,56,'1762.86'),
(49,56,'139.69'),
(4,297,'164.93'),
(6,297,'1905.14'),
(7,297,'77.25'),
(8,297,'332.68'),
(9,297,'791.94'),
(15,297,'1588.60'),
(16,297,'145.17'),
(19,297,'86.19'),
(21,297,'165.14'),
(24,297,'128.46'),
(26,297,'2311.10'),
(28,297,'143.72'),
(30,297,'92.38'),
(39,297,'137.84'),
(40,297,'174.18'),
(42,297,'1762.18'),
(44,297,'697.62'),
(4,189,'134.39'),
(6,189,'1476.92'),
(7,189,'77.65'),
(9,189,'620.67'),
(10,189,'641.19'),
(12,189,'90.03'),
(15,189,'1916.85'),
(18,189,'114.19'),
(19,189,'97.80'),
(20,189,'175.67'),
(24,189,'167.19'),
(25,189,'97.65'),
(26,189,'1848.86'),
(28,189,'125.54'),
(31,189,'359.07'),
(32,189,'346.72'),
(33,189,'160.43'),
(34,189,'721.56'),
(47,189,'79.69'),
(49,189,'169.57'),
(0,237,'567.06'),
(1,237,'1766.27'),
(4,237,'142.80'),
(8,237,'375.02'),
(11,237,'1835.95'),
(12,237,'86.04'),
(13,237,'84.25'),
(17,237,'1927.40'),
(18,237,'83.60'),
(25,237,'82.74'),
(27,237,'595.04'),
(28,237,'137.43'),
(32,237,'311.21'),
(34,237,'652.10'),
(36,237,'83.43'),
(41,237,'1601.93'),
(45,237,'139.74'),
(46,237,'583.03'),
(49,237,'178.33'),
(4,40,'145.58'),
(8,40,'353.84'),
(9,40,'648.54'),
(12,40,'83.88'),
(16,40,'181.33'),
(17,40,'1874.07'),
(20,40,'146.19'),
(26,40,'2116.68'),
(27,40,'655.34'),
(30,40,'89.00'),
(31,40,'344.99'),
(33,40,'184.58'),
(37,40,'583.89'),
(38,40,'713.84'),
(40,40,'179.58'),
(41,40,'1925.48'),
(43,40,'1650.59'),
(45,40,'129.48'),
(47,40,'89.88'),
(48,40,'1754.30'),
(3,169,'1588.95'),
(10,169,'622.54'),
(12,169,'100.79'),
(15,169,'1686.24'),
(16,169,'153.46'),
(22,169,'145.84'),
(24,169,'166.56'),
(26,169,'1985.54'),
(27,169,'677.11'),
(30,169,'95.44'),
(31,169,'326.52'),
(32,169,'299.06'),
(33,169,'133.61'),
(35,169,'632.32'),
(39,169,'154.09'),
(44,169,'671.65'),
(3,39,'1988.00'),
(4,39,'154.09'),
(6,39,'1850.99'),
(7,39,'101.80'),
(9,39,'613.56'),
(10,39,'754.96'),
(11,39,'1759.98'),
(13,39,'87.13'),
(17,39,'1752.47'),
(21,39,'182.33'),
(22,39,'146.59'),
(23,39,'672.95'),
(24,39,'160.32'),
(35,39,'726.36'),
(37,39,'563.62'),
(42,39,'1685.97'),
(44,39,'555.69'),
(45,39,'154.50'),
(46,39,'614.54'),
(49,39,'144.26'),
(0,16,'588.62'),
(2,16,'106.76'),
(3,16,'2055.84'),
(8,16,'307.38'),
(10,16,'575.88'),
(12,16,'100.31'),
(19,16,'89.89'),
(26,16,'1747.26'),
(28,16,'132.41'),
(30,16,'98.72'),
(34,16,'665.75'),
(36,16,'83.24'),
(38,16,'754.76'),
(39,16,'167.95'),
(40,16,'140.74'),
(41,16,'1614.05'),
(42,16,'1870.69'),
(43,16,'1623.11'),
(44,16,'729.82'),
(47,16,'90.78'),
(4,151,'146.94'),
(5,151,'84.42'),
(6,151,'1284.28'),
(8,151,'320.28'),
(9,151,'680.90'),
(11,151,'2019.57'),
(12,151,'81.21'),
(15,151,'1794.65'),
(16,151,'172.19'),
(23,151,'637.59'),
(24,151,'126.41'),
(25,151,'104.49'),
(27,151,'678.06'),
(30,151,'94.38'),
(31,151,'375.74'),
(33,151,'136.47'),
(34,151,'708.82'),
(38,151,'696.42'),
(46,151,'763.99'),
(0,54,'630.89'),
(7,54,'93.57'),
(8,54,'358.64'),
(10,54,'734.57'),
(11,54,'2095.55'),
(13,54,'69.52'),
(14,54,'676.14'),
(19,54,'76.78'),
(24,54,'143.09'),
(25,54,'88.43'),
(27,54,'542.37'),
(29,54,'714.61'),
(30,54,'94.90'),
(33,54,'141.15'),
(36,54,'109.79'),
(46,54,'622.83'),
(47,54,'87.79'),
(49,54,'174.50'),
(4,57,'171.88'),
(7,57,'76.22'),
(14,57,'695.73'),
(19,57,'94.13'),
(23,57,'691.68'),
(25,57,'104.57'),
(31,57,'374.97'),
(33,57,'135.73'),
(41,57,'1454.72'),
(42,57,'1721.84'),
(46,57,'699.75'),
(49,57,'167.30'),
(0,4,'703.31'),
(3,4,'1532.64'),
(4,4,'138.88'),
(8,4,'397.06'),
(10,4,'531.81'),
(11,4,'1652.30'),
(13,4,'95.78'),
(14,4,'648.18'),
(18,4,'115.15'),
(22,4,'141.28'),
(24,4,'151.67'),
(28,4,'142.05'),
(30,4,'88.63'),
(31,4,'332.85'),
(32,4,'331.19'),
(34,4,'608.93'),
(35,4,'664.85'),
(39,4,'127.33'),
(40,4,'143.83'),
(42,4,'1744.94'),
(46,4,'726.62'),
(49,4,'144.34'),
(2,177,'77.18'),
(5,177,'75.81'),
(7,177,'101.89'),
(9,177,'552.04'),
(11,177,'1779.48'),
(13,177,'86.64'),
(15,177,'1903.68'),
(16,177,'154.74'),
(18,177,'85.11'),
(20,177,'135.66'),
(21,177,'153.81'),
(26,177,'1591.65'),
(27,177,'662.36'),
(28,177,'158.65'),
(32,177,'397.94'),
(34,177,'586.91'),
(37,177,'707.29'),
(44,177,'621.95'),
(45,177,'135.28'),
(48,177,'1712.00'),
(1,246,'1990.05'),
(3,246,'2125.61'),
(4,246,'126.63'),
(5,246,'77.75'),
(10,246,'491.44'),
(18,246,'92.73'),
(20,246,'138.21'),
(21,246,'180.29'),
(24,246,'157.92'),
(25,246,'91.58'),
(27,246,'648.17'),
(28,246,'170.70'),
(31,246,'406.59'),
(32,246,'392.21'),
(34,246,'571.19'),
(39,246,'149.97'),
(41,246,'1702.32'),
(45,246,'141.55'),
(46,246,'655.74'),
(47,246,'69.07'),
(48,246,'1664.74'),
(0,276,'726.75'),
(1,276,'1780.22'),
(3,276,'1633.05'),
(5,276,'95.18'),
(7,276,'70.15'),
(8,276,'345.54'),
(9,276,'587.59'),
(18,276,'86.00'),
(19,276,'102.28'),
(22,276,'179.16'),
(27,276,'525.49'),
(28,276,'166.66'),
(29,276,'664.67'),
(35,276,'602.32'),
(38,276,'731.03'),
(40,276,'145.18'),
(42,276,'1045.48'),
(44,276,'616.95'),
(45,276,'143.69'),
(49,276,'133.75'),
(2,251,'75.43'),
(3,251,'1791.96'),
(4,251,'128.09'),
(6,251,'1716.38'),
(11,251,'1736.52'),
(13,251,'84.00'),
(16,251,'144.77'),
(19,251,'100.22'),
(21,251,'128.79'),
(23,251,'647.19'),
(26,251,'1771.61'),
(27,251,'694.45'),
(29,251,'644.16'),
(30,251,'90.05'),
(31,251,'338.23'),
(32,251,'407.94'),
(35,251,'720.36'),
(38,251,'699.21'),
(43,251,'1575.76'),
(45,251,'155.74'),
(46,251,'727.02'),
(48,251,'1788.09'),
(0,101,'632.54'),
(3,101,'1727.05'),
(8,101,'385.54'),
(11,101,'1474.28'),
(12,101,'110.16'),
(14,101,'642.84'),
(16,101,'132.79'),
(17,101,'1882.26'),
(18,101,'93.49'),
(21,101,'156.94'),
(22,101,'154.76'),
(23,101,'793.73'),
(25,101,'79.12'),
(28,101,'129.59'),
(30,101,'96.96'),
(31,101,'414.82'),
(32,101,'404.45'),
(34,101,'648.61'),
(35,101,'707.91'),
(36,101,'86.57'),
(37,101,'541.26'),
(38,101,'646.50'),
(41,101,'1962.89'),
(45,101,'151.74'),
(48,101,'1695.68'),
(49,101,'143.34'),
(0,0,'532.17'),
(4,0,'139.13'),
(5,0,'81.50'),
(6,0,'1919.96'),
(8,0,'382.07'),
(10,0,'593.17'),
(13,0,'79.67'),
(14,0,'644.53'),
(15,0,'1785.47'),
(17,0,'1637.02'),
(20,0,'163.73'),
(21,0,'144.65'),
(22,0,'162.55'),
(23,0,'714.41'),
(28,0,'141.37'),
(29,0,'605.08'),
(33,0,'146.88'),
(34,0,'634.34'),
(38,0,'589.82'),
(39,0,'123.21'),
(40,0,'153.22'),
(44,0,'573.84'),
(46,0,'664.87'),
(47,0,'75.58'),
(0,211,'618.23'),
(2,211,'91.70'),
(3,211,'1872.73'),
(4,211,'146.00'),
(9,211,'608.38'),
(11,211,'1885.48'),
(12,211,'84.90'),
(18,211,'85.27'),
(19,211,'72.67'),
(21,211,'140.20'),
(24,211,'127.70'),
(27,211,'706.47'),
(32,211,'322.53'),
(33,211,'124.46'),
(37,211,'688.74'),
(38,211,'576.26'),
(39,211,'144.42'),
(40,211,'152.83'),
(41,211,'1720.23'),
(42,211,'1658.50'),
(44,211,'653.32'),
(45,211,'140.14'),
(46,211,'640.60'),
(0,157,'631.76'),
(5,157,'95.08'),
(9,157,'673.00'),
(12,157,'93.33'),
(17,157,'1835.68'),
(18,157,'82.49'),
(22,157,'154.26'),
(25,157,'94.40'),
(26,157,'1815.52'),
(27,157,'752.36'),
(28,157,'113.71'),
(30,157,'96.76'),
(33,157,'134.59'),
(34,157,'595.99'),
(36,157,'75.36'),
(38,157,'720.71'),
(43,157,'1839.69'),
(45,157,'150.56'),
(46,157,'704.52'),
(47,157,'95.74'),
(6,282,'1458.98'),
(13,282,'61.85'),
(15,282,'1914.93'),
(16,282,'171.00'),
(17,282,'1841.61'),
(18,282,'107.76'),
(22,282,'177.32'),
(25,282,'85.88'),
(29,282,'626.77'),
(34,282,'581.86'),
(35,282,'631.12'),
(36,282,'99.76'),
(37,282,'625.23'),
(40,282,'145.34'),
(42,282,'1700.45'),
(47,282,'99.99'),
(48,282,'1896.70'),
(49,282,'151.63'),
(1,120,'2026.93'),
(2,120,'96.76'),
(4,120,'163.73'),
(5,120,'98.53'),
(6,120,'1685.66'),
(7,120,'89.91'),
(10,120,'714.27'),
(11,120,'1925.22'),
(12,120,'88.63'),
(16,120,'168.03'),
(18,120,'86.73'),
(19,120,'99.46'),
(20,120,'146.89'),
(21,120,'152.41'),
(24,120,'136.42'),
(25,120,'99.27'),
(29,120,'626.09'),
(33,120,'151.19'),
(34,120,'836.52'),
(36,120,'81.57'),
(37,120,'652.36'),
(38,120,'480.14'),
(42,120,'1550.93'),
(46,120,'621.95'),
(49,120,'173.52'),
(0,162,'600.87'),
(2,162,'95.10'),
(3,162,'1635.29'),
(7,162,'96.53'),
(9,162,'564.78'),
(10,162,'630.97'),
(16,162,'140.18'),
(22,162,'178.74'),
(25,162,'85.01'),
(26,162,'1749.70'),
(28,162,'158.46'),
(33,162,'140.55'),
(34,162,'618.83'),
(35,162,'603.96'),
(42,162,'1769.42'),
(43,162,'1743.15'),
(44,162,'695.72'),
(45,162,'140.43'),
(48,162,'1591.15'),
(49,162,'154.08'),
(0,294,'559.58'),
(1,294,'2102.89'),
(7,294,'92.61'),
(10,294,'488.52'),
(11,294,'2138.79'),
(14,294,'690.76'),
(17,294,'1705.67'),
(22,294,'118.01'),
(23,294,'552.97'),
(28,294,'154.58'),
(31,294,'309.84'),
(34,294,'608.55'),
(35,294,'534.41'),
(37,294,'698.53'),
(40,294,'185.21'),
(41,294,'1821.20'),
(42,294,'1737.74'),
(45,294,'131.29'),
(46,294,'579.06'),
(47,294,'100.16'),
(48,294,'2142.30'),
(2,10,'89.83'),
(3,10,'1452.08'),
(6,10,'1679.12'),
(8,10,'372.52'),
(10,10,'642.45'),
(12,10,'84.37'),
(15,10,'1975.69'),
(16,10,'159.87'),
(17,10,'1616.69'),
(19,10,'94.85'),
(24,10,'166.52'),
(32,10,'364.39'),
(35,10,'706.17'),
(40,10,'154.11'),
(41,10,'1808.65'),
(42,10,'1341.16'),
(44,10,'632.26'),
(49,10,'147.51'),
(4,281,'156.77'),
(5,281,'96.32'),
(11,281,'2020.16'),
(12,281,'94.59'),
(13,281,'97.69'),
(14,281,'602.90'),
(15,281,'2040.42'),
(17,281,'1723.21'),
(19,281,'81.72'),
(20,281,'131.53'),
(24,281,'171.84'),
(25,281,'84.17'),
(28,281,'152.47'),
(31,281,'353.10'),
(32,281,'317.70'),
(35,281,'655.34'),
(38,281,'657.33'),
(40,281,'152.84'),
(46,281,'667.83'),
(47,281,'83.24'),
(0,125,'652.65'),
(1,125,'1846.21'),
(2,125,'96.38'),
(3,125,'1577.49'),
(4,125,'130.56'),
(9,125,'658.77'),
(12,125,'97.45'),
(16,125,'149.08'),
(17,125,'2128.50'),
(18,125,'79.17'),
(19,125,'86.19'),
(22,125,'181.26'),
(26,125,'1793.55'),
(27,125,'661.52'),
(28,125,'155.87'),
(29,125,'774.30'),
(30,125,'90.77'),
(33,125,'150.87'),
(36,125,'85.90'),
(43,125,'1488.99'),
(44,125,'656.97'),
(47,125,'102.43'),
(48,125,'1695.75'),
(49,125,'170.19'),
(7,190,'91.62'),
(8,190,'412.60'),
(18,190,'101.94'),
(19,190,'75.32'),
(23,190,'625.19'),
(26,190,'1443.78'),
(27,190,'587.85'),
(28,190,'152.98'),
(30,190,'76.38'),
(34,190,'564.89'),
(35,190,'631.88'),
(38,190,'533.99'),
(39,190,'145.66'),
(41,190,'1862.63'),
(42,190,'1978.58'),
(43,190,'1855.71'),
(45,190,'132.87'),
(0,280,'739.69'),
(2,280,'78.58'),
(4,280,'165.24'),
(9,280,'638.14'),
(10,280,'634.72'),
(12,280,'72.45'),
(13,280,'80.65'),
(14,280,'646.50'),
(15,280,'1916.87'),
(19,280,'104.01'),
(23,280,'634.80'),
(24,280,'167.92'),
(30,280,'99.67'),
(34,280,'596.05'),
(35,280,'761.49'),
(38,280,'646.68'),
(39,280,'150.12'),
(40,280,'159.29'),
(41,280,'1905.48'),
(42,280,'2057.74'),
(43,280,'1973.17'),
(44,280,'704.65'),
(45,280,'146.16'),
(46,280,'603.69'),
(49,280,'155.46'),
(2,8,'86.05'),
(4,8,'173.44'),
(6,8,'1985.81'),
(10,8,'671.74'),
(12,8,'81.64'),
(17,8,'1773.86'),
(18,8,'98.32'),
(20,8,'168.15'),
(24,8,'152.10'),
(25,8,'92.89'),
(27,8,'626.42'),
(28,8,'163.43'),
(32,8,'361.46'),
(33,8,'160.45'),
(36,8,'99.38'),
(38,8,'696.15'),
(39,8,'155.97'),
(43,8,'1898.47'),
(0,165,'717.37'),
(1,165,'1627.69'),
(2,165,'106.43'),
(3,165,'1855.38'),
(7,165,'95.79'),
(10,165,'540.20'),
(15,165,'2083.35'),
(16,165,'148.88'),
(18,165,'88.80'),
(19,165,'102.84'),
(20,165,'141.65'),
(28,165,'131.86'),
(33,165,'161.70'),
(35,165,'704.03'),
(36,165,'93.34'),
(38,165,'542.43'),
(40,165,'152.77'),
(44,165,'643.06'),
(46,165,'697.43'),
(1,288,'1655.52'),
(5,288,'91.56'),
(6,288,'1724.18'),
(10,288,'654.46'),
(11,288,'1819.89'),
(12,288,'94.48'),
(14,288,'631.88'),
(19,288,'87.00'),
(20,288,'161.99'),
(23,288,'535.49'),
(25,288,'110.05'),
(27,288,'549.20'),
(29,288,'783.98'),
(30,288,'98.90'),
(35,288,'729.38'),
(38,288,'685.55'),
(43,288,'1749.31'),
(44,288,'554.60'),
(45,288,'168.33'),
(46,288,'641.39'),
(0,199,'620.77'),
(1,199,'2017.61'),
(2,199,'79.60'),
(3,199,'1675.22'),
(6,199,'1532.53'),
(10,199,'611.02'),
(11,199,'2052.06'),
(13,199,'76.41'),
(15,199,'1751.36'),
(17,199,'1613.87'),
(19,199,'86.07'),
(22,199,'133.48'),
(24,199,'165.55'),
(25,199,'96.51'),
(26,199,'1659.73'),
(28,199,'147.86'),
(29,199,'718.68'),
(31,199,'375.60'),
(33,199,'167.45'),
(36,199,'99.63'),
(37,199,'686.03'),
(38,199,'600.37'),
(41,199,'1903.16'),
(48,199,'1537.00'),
(0,12,'568.25'),
(2,12,'84.88'),
(3,12,'1790.46'),
(5,12,'84.47'),
(8,12,'389.58'),
(10,12,'623.81'),
(11,12,'1851.30'),
(12,12,'97.66'),
(20,12,'147.53'),
(23,12,'581.21'),
(25,12,'85.51'),
(27,12,'760.41'),
(30,12,'82.64'),
(34,12,'616.65'),
(40,12,'157.49'),
(43,12,'1801.79'),
(44,12,'671.89'),
(45,12,'117.38'),
(46,12,'685.19'),
(48,12,'2068.01'),
(49,12,'146.01'),
(1,265,'1660.10'),
(3,265,'1773.84'),
(5,265,'94.79'),
(7,265,'88.89'),
(8,265,'357.76'),
(11,265,'1899.38'),
(13,265,'84.53'),
(16,265,'168.21'),
(17,265,'1530.95'),
(18,265,'84.71'),
(21,265,'156.52'),
(23,265,'656.48'),
(24,265,'159.87'),
(25,265,'93.08'),
(26,265,'1800.74'),
(27,265,'663.88'),
(28,265,'144.64'),
(31,265,'308.42'),
(36,265,'85.10'),
(38,265,'700.88'),
(47,265,'101.37'),
(48,265,'1649.56'),
(3,141,'1899.66'),
(4,141,'165.40'),
(6,141,'1724.42'),
(10,141,'668.70'),
(12,141,'95.05'),
(13,141,'73.12'),
(15,141,'1737.35'),
(16,141,'161.35'),
(18,141,'101.38'),
(21,141,'129.54'),
(24,141,'145.58'),
(25,141,'84.48'),
(26,141,'1694.96'),
(35,141,'645.57'),
(40,141,'132.15'),
(43,141,'1886.21'),
(45,141,'144.70'),
(46,141,'527.35'),
(48,141,'1536.13'),
(0,59,'535.34'),
(2,59,'100.39'),
(5,59,'90.86'),
(6,59,'2217.81'),
(13,59,'96.42'),
(15,59,'2048.52'),
(16,59,'152.11'),
(19,59,'76.65'),
(21,59,'138.88'),
(22,59,'153.08'),
(26,59,'1866.94'),
(37,59,'796.74'),
(44,59,'679.62'),
(46,59,'742.39'),
(47,59,'79.74'),
(1,244,'1611.37'),
(3,244,'1863.64'),
(4,244,'169.65'),
(5,244,'85.40'),
(6,244,'1988.32'),
(7,244,'73.76'),
(8,244,'314.46'),
(9,244,'768.85'),
(12,244,'92.32'),
(13,244,'93.81'),
(14,244,'612.87'),
(17,244,'1953.45'),
(19,244,'89.14'),
(20,244,'169.70'),
(23,244,'684.52'),
(28,244,'113.34'),
(29,244,'557.86'),
(30,244,'82.77'),
(31,244,'334.77'),
(32,244,'339.78'),
(33,244,'143.34'),
(35,244,'785.13'),
(40,244,'143.56'),
(41,244,'1835.03'),
(42,244,'1613.57'),
(46,244,'612.83'),
(47,244,'91.62'),
(48,244,'1822.98'),
(0,210,'683.86'),
(1,210,'1660.03'),
(6,210,'2222.20'),
(11,210,'1339.72'),
(12,210,'92.52'),
(14,210,'589.77'),
(16,210,'173.36'),
(19,210,'73.75'),
(27,210,'600.46'),
(29,210,'678.42'),
(31,210,'366.54'),
(32,210,'338.33'),
(33,210,'161.02'),
(37,210,'657.02'),
(40,210,'170.13'),
(41,210,'1700.96'),
(44,210,'684.78'),
(46,210,'711.21'),
(1,124,'1818.19'),
(3,124,'2027.21'),
(4,124,'116.63'),
(5,124,'94.67'),
(6,124,'1855.12'),
(7,124,'87.13'),
(9,124,'650.17'),
(10,124,'644.31'),
(15,124,'2003.43'),
(19,124,'82.53'),
(20,124,'146.76'),
(22,124,'156.75'),
(24,124,'132.39'),
(25,124,'94.11'),
(27,124,'519.78'),
(29,124,'698.49'),
(30,124,'94.46'),
(33,124,'160.87'),
(34,124,'638.57'),
(38,124,'618.02'),
(40,124,'145.79'),
(42,124,'1464.94'),
(44,124,'622.53'),
(46,124,'626.95'),
(47,124,'99.75'),
(2,136,'70.40'),
(3,136,'1711.96'),
(4,136,'165.36'),
(5,136,'93.93'),
(9,136,'600.72'),
(11,136,'1500.73'),
(12,136,'90.07'),
(13,136,'89.19'),
(18,136,'79.32'),
(23,136,'603.38'),
(28,136,'162.53'),
(29,136,'654.19'),
(32,136,'306.98'),
(35,136,'672.43'),
(37,136,'708.39'),
(38,136,'763.88'),
(39,136,'129.33'),
(44,136,'603.25'),
(47,136,'88.29'),
(48,136,'2039.33'),
(2,155,'87.77'),
(3,155,'1713.66'),
(4,155,'165.21'),
(6,155,'2072.49'),
(7,155,'80.51'),
(9,155,'606.89'),
(16,155,'161.23'),
(18,155,'90.23'),
(19,155,'93.50'),
(21,155,'145.10'),
(24,155,'170.34'),
(34,155,'576.22'),
(35,155,'666.48'),
(38,155,'543.23'),
(43,155,'1707.02'),
(44,155,'631.66'),
(45,155,'158.00'),
(47,155,'78.83'),
(48,155,'1957.05'),
(3,254,'1930.54'),
(10,254,'629.93'),
(12,254,'97.96'),
(17,254,'1668.78'),
(24,254,'109.26'),
(27,254,'708.15'),
(29,254,'626.21'),
(36,254,'91.41'),
(39,254,'134.89'),
(40,254,'161.59'),
(45,254,'152.00'),
(47,254,'98.10'),
(49,254,'184.00'),
(0,226,'524.71'),
(2,226,'99.90'),
(5,226,'91.95'),
(6,226,'1571.00'),
(9,226,'563.41'),
(14,226,'739.46'),
(15,226,'1787.71'),
(16,226,'137.32'),
(17,226,'1924.44'),
(19,226,'93.54'),
(21,226,'143.25'),
(27,226,'734.33'),
(29,226,'591.08'),
(30,226,'92.60'),
(31,226,'346.00'),
(37,226,'595.37'),
(38,226,'656.54'),
(40,226,'129.55'),
(43,226,'1905.04'),
(45,226,'149.87'),
(47,226,'82.09'),
(0,243,'625.50'),
(3,243,'2088.71'),
(6,243,'1952.84'),
(9,243,'699.14'),
(10,243,'536.14'),
(15,243,'2051.28'),
(16,243,'161.24'),
(17,243,'1818.11'),
(22,243,'147.56'),
(23,243,'699.38'),
(24,243,'120.83'),
(25,243,'73.00'),
(26,243,'2001.67'),
(28,243,'144.96'),
(29,243,'591.52'),
(31,243,'399.63'),
(33,243,'147.22'),
(36,243,'98.33'),
(38,243,'496.99'),
(39,243,'138.62'),
(41,243,'1722.75'),
(45,243,'144.91'),
(48,243,'1760.92'),
(49,243,'162.07'),
(1,224,'1857.11'),
(12,224,'87.97'),
(13,224,'73.29'),
(15,224,'1561.04'),
(24,224,'127.89'),
(25,224,'89.52'),
(26,224,'2019.96'),
(27,224,'671.07'),
(31,224,'355.66'),
(33,224,'163.64'),
(35,224,'589.93'),
(36,224,'87.85'),
(39,224,'154.16'),
(41,224,'1792.02'),
(42,224,'1878.01'),
(46,224,'658.93'),
(47,224,'81.43'),
(0,44,'531.41'),
(4,44,'119.03'),
(7,44,'90.42'),
(16,44,'149.02'),
(18,44,'75.03'),
(19,44,'90.69'),
(20,44,'168.71'),
(21,44,'151.84'),
(23,44,'737.47'),
(26,44,'1620.67'),
(27,44,'748.02'),
(28,44,'151.98'),
(32,44,'361.66'),
(37,44,'579.73'),
(39,44,'150.91'),
(41,44,'1758.41'),
(44,44,'670.89'),
(45,44,'155.04'),
(46,44,'654.02'),
(47,44,'90.96'),
(1,198,'1784.31'),
(3,198,'1657.58'),
(5,198,'92.25'),
(11,198,'2010.68'),
(14,198,'635.21'),
(15,198,'1847.54'),
(23,198,'704.89'),
(26,198,'1794.23'),
(35,198,'719.35'),
(37,198,'590.30'),
(47,198,'78.09'),
(48,198,'1551.45'),
(49,198,'164.73'),
(3,76,'1770.31'),
(5,76,'91.61'),
(7,76,'91.92'),
(11,76,'1534.88'),
(12,76,'95.18'),
(15,76,'1959.63'),
(18,76,'101.71'),
(19,76,'88.09'),
(20,76,'131.16'),
(21,76,'135.70'),
(22,76,'148.71'),
(25,76,'81.10'),
(26,76,'1741.41'),
(27,76,'746.72'),
(28,76,'155.35'),
(29,76,'704.69'),
(35,76,'605.94'),
(37,76,'778.33'),
(38,76,'776.11'),
(39,76,'148.21'),
(41,76,'1933.37'),
(46,76,'676.42'),
(48,76,'1674.28'),
(49,76,'167.41'),
(0,240,'614.53'),
(2,240,'89.04'),
(4,240,'170.86'),
(5,240,'86.15'),
(6,240,'1735.29'),
(7,240,'81.99'),
(8,240,'376.71'),
(11,240,'1840.11'),
(14,240,'890.28'),
(18,240,'92.00'),
(19,240,'88.61'),
(26,240,'1723.43'),
(33,240,'138.23'),
(34,240,'650.18'),
(36,240,'70.09'),
(37,240,'624.51'),
(39,240,'164.08'),
(43,240,'2141.65'),
(48,240,'1837.39'),
(0,36,'702.61'),
(3,36,'1970.64'),
(6,36,'2004.66'),
(8,36,'309.57'),
(9,36,'520.60'),
(10,36,'774.21'),
(11,36,'1486.02'),
(13,36,'71.32'),
(14,36,'688.35'),
(18,36,'97.18'),
(20,36,'153.54'),
(28,36,'145.56'),
(30,36,'95.57'),
(31,36,'335.52'),
(33,36,'153.17'),
(34,36,'603.14'),
(38,36,'665.04'),
(39,36,'141.56'),
(40,36,'120.61'),
(41,36,'1696.43'),
(43,36,'2007.19'),
(44,36,'681.17'),
(0,217,'661.54'),
(2,217,'91.81'),
(4,217,'183.93'),
(5,217,'79.44'),
(7,217,'89.21'),
(10,217,'720.22'),
(15,217,'1732.21'),
(19,217,'82.44'),
(22,217,'154.15'),
(28,217,'137.50'),
(33,217,'142.24'),
(34,217,'684.43'),
(38,217,'666.46'),
(39,217,'139.02'),
(44,217,'603.40'),
(46,217,'696.74'),
(47,217,'75.37'),
(49,217,'164.45'),
(7,109,'99.18'),
(11,109,'2001.91'),
(12,109,'90.27'),
(14,109,'567.30'),
(15,109,'1975.85'),
(17,109,'1803.40'),
(18,109,'85.50'),
(22,109,'133.28'),
(24,109,'138.89'),
(25,109,'79.40'),
(28,109,'187.10'),
(29,109,'717.29'),
(34,109,'718.64'),
(35,109,'646.75'),
(38,109,'839.65'),
(39,109,'165.35'),
(41,109,'2063.33'),
(42,109,'1636.41'),
(44,109,'675.99'),
(45,109,'121.54'),
(48,109,'1775.47'),
(1,195,'1491.91'),
(3,195,'1996.78'),
(5,195,'95.39'),
(6,195,'1743.32'),
(7,195,'78.76'),
(16,195,'171.94'),
(27,195,'729.01'),
(28,195,'138.12'),
(30,195,'97.33'),
(32,195,'381.24'),
(37,195,'696.84'),
(48,195,'2002.87'),
(1,291,'1924.98'),
(2,291,'104.26'),
(5,291,'78.97'),
(7,291,'89.02'),
(8,291,'313.95'),
(9,291,'605.01'),
(10,291,'542.60'),
(12,291,'90.71'),
(18,291,'73.61'),
(21,291,'169.25'),
(27,291,'577.08'),
(28,291,'139.96'),
(30,291,'78.09'),
(33,291,'171.53'),
(36,291,'99.02'),
(40,291,'138.84'),
(42,291,'1977.52'),
(43,291,'1668.13'),
(49,291,'134.69'),
(10,112,'649.99'),
(15,112,'2091.91'),
(16,112,'171.78'),
(18,112,'101.89'),
(19,112,'86.20'),
(23,112,'745.38'),
(24,112,'135.04'),
(26,112,'1842.68'),
(29,112,'803.47'),
(31,112,'425.80'),
(33,112,'138.73'),
(35,112,'595.46'),
(37,112,'556.76'),
(38,112,'710.24'),
(43,112,'1488.67'),
(48,112,'1604.30'),
(1,200,'2039.63'),
(4,200,'117.91'),
(6,200,'1742.92'),
(12,200,'82.41'),
(15,200,'2114.04'),
(18,200,'98.31'),
(22,200,'136.18'),
(25,200,'79.39'),
(29,200,'639.16'),
(30,200,'99.86'),
(32,200,'413.71'),
(35,200,'595.28'),
(37,200,'665.50'),
(38,200,'594.92'),
(39,200,'132.90'),
(41,200,'1485.99'),
(43,200,'1665.70'),
(47,200,'93.63'),
(1,11,'2257.73'),
(6,11,'1849.90'),
(11,11,'1920.67'),
(14,11,'663.32'),
(15,11,'1802.46'),
(19,11,'81.46'),
(22,11,'134.24'),
(25,11,'97.00'),
(28,11,'146.67'),
(29,11,'697.76'),
(31,11,'360.59'),
(32,11,'333.99'),
(36,11,'87.73'),
(37,11,'656.88'),
(38,11,'582.06'),
(39,11,'158.99'),
(40,11,'137.79'),
(42,11,'1517.95'),
(43,11,'1915.90'),
(44,11,'671.39'),
(48,11,'2101.41'),
(1,160,'1366.68'),
(2,160,'96.88'),
(7,160,'91.14'),
(13,160,'96.98'),
(14,160,'621.15'),
(16,160,'163.38'),
(17,160,'1671.70'),
(18,160,'95.01'),
(19,160,'92.09'),
(20,160,'155.56'),
(21,160,'159.86'),
(22,160,'170.02'),
(23,160,'703.32'),
(27,160,'743.74'),
(28,160,'150.46'),
(29,160,'653.36'),
(35,160,'583.73'),
(37,160,'561.06'),
(44,160,'585.99'),
(45,160,'137.79'),
(46,160,'690.04'),
(49,160,'139.40'),
(0,191,'621.11'),
(3,191,'1780.48'),
(9,191,'715.53'),
(11,191,'1903.95'),
(15,191,'1901.64'),
(20,191,'173.80'),
(22,191,'152.86'),
(24,191,'139.16'),
(29,191,'698.57'),
(31,191,'391.06'),
(32,191,'450.08'),
(40,191,'152.53'),
(42,191,'1860.72'),
(44,191,'691.42'),
(45,191,'142.87'),
(47,191,'89.80'),
(0,250,'611.00'),
(1,250,'1866.82'),
(3,250,'1758.81'),
(4,250,'143.34'),
(7,250,'89.49'),
(9,250,'634.35'),
(10,250,'688.35'),
(13,250,'81.78'),
(14,250,'676.96'),
(16,250,'165.42'),
(17,250,'1770.69'),
(18,250,'82.22'),
(19,250,'101.42'),
(23,250,'711.33'),
(27,250,'691.22'),
(36,250,'93.41'),
(39,250,'138.98'),
(40,250,'147.74'),
(41,250,'1826.24'),
(46,250,'709.24'),
(47,250,'82.67'),
(1,71,'2101.75'),
(3,71,'2123.01'),
(7,71,'90.22'),
(13,71,'89.81'),
(14,71,'652.74'),
(15,71,'1777.28'),
(16,71,'150.23'),
(17,71,'1746.38'),
(18,71,'93.12'),
(20,71,'168.49'),
(21,71,'180.65'),
(22,71,'153.03'),
(33,71,'158.44'),
(34,71,'667.15'),
(35,71,'622.68'),
(39,71,'149.05'),
(40,71,'134.74'),
(43,71,'1824.24'),
(45,71,'183.26'),
(47,71,'99.18'),
(3,241,'1738.25'),
(5,241,'100.36'),
(10,241,'763.92'),
(11,241,'1946.36'),
(19,241,'91.37'),
(21,241,'182.25'),
(25,241,'86.54'),
(33,241,'140.37'),
(35,241,'588.61'),
(37,241,'637.83'),
(38,241,'603.98'),
(41,241,'1700.75'),
(42,241,'1818.73'),
(44,241,'624.68'),
(46,241,'719.71'),
(47,241,'87.09'),
(1,234,'1961.51'),
(4,234,'153.66'),
(7,234,'79.13'),
(8,234,'344.63'),
(9,234,'625.80'),
(10,234,'672.57'),
(12,234,'107.30'),
(15,234,'1728.20'),
(17,234,'1788.03'),
(18,234,'82.76'),
(19,234,'106.54'),
(20,234,'141.55'),
(23,234,'697.29'),
(24,234,'153.48'),
(25,234,'86.67'),
(26,234,'2043.90'),
(30,234,'81.01'),
(32,234,'419.58'),
(33,234,'161.00'),
(34,234,'564.97'),
(35,234,'746.80'),
(37,234,'640.89'),
(39,234,'146.86'),
(45,234,'152.74'),
(48,234,'1807.11'),
(49,234,'143.77'),
(2,215,'95.98'),
(3,215,'1952.53'),
(4,215,'125.40'),
(6,215,'1741.71'),
(7,215,'83.01'),
(10,215,'635.51'),
(11,215,'1930.09'),
(13,215,'76.75'),
(16,215,'170.94'),
(17,215,'1702.08'),
(18,215,'95.06'),
(26,215,'1714.31'),
(30,215,'89.60'),
(34,215,'642.11'),
(36,215,'92.35'),
(39,215,'148.28'),
(40,215,'147.42'),
(44,215,'589.47'),
(47,215,'98.10'),
(49,215,'149.15'),
(2,58,'88.28'),
(3,58,'2072.61'),
(5,58,'92.92'),
(8,58,'329.93'),
(9,58,'673.26'),
(13,58,'81.82'),
(15,58,'1815.65'),
(17,58,'1502.41'),
(19,58,'88.67'),
(20,58,'133.14'),
(21,58,'144.65'),
(23,58,'684.26'),
(26,58,'1844.26'),
(27,58,'559.86'),
(30,58,'94.05'),
(31,58,'375.62'),
(35,58,'692.31'),
(36,58,'76.32'),
(38,58,'661.95'),
(42,58,'2005.76'),
(43,58,'2067.66'),
(46,58,'514.73'),
(48,58,'1856.62'),
(49,58,'168.67'),
(2,42,'92.01'),
(4,42,'157.64'),
(5,42,'87.47'),
(10,42,'693.68'),
(11,42,'2058.16'),
(12,42,'94.26'),
(14,42,'572.36'),
(25,42,'104.35'),
(29,42,'604.14'),
(30,42,'97.94'),
(31,42,'355.73'),
(35,42,'669.02'),
(38,42,'594.79'),
(42,42,'1701.94'),
(43,42,'1940.25'),
(45,42,'140.22'),
(49,42,'138.44'),
(1,283,'2203.71'),
(10,283,'607.18'),
(13,283,'92.02'),
(15,283,'1548.29'),
(17,283,'1696.70'),
(18,283,'90.17'),
(19,283,'81.73'),
(20,283,'135.70'),
(21,283,'139.74'),
(24,283,'156.00'),
(26,283,'1590.59'),
(27,283,'635.29'),
(28,283,'150.40'),
(29,283,'721.88'),
(32,283,'294.58'),
(35,283,'714.81'),
(36,283,'96.75'),
(37,283,'639.70'),
(38,283,'538.74'),
(39,283,'140.60'),
(40,283,'161.50'),
(43,283,'2024.21'),
(44,283,'677.62'),
(49,283,'143.03'),
(0,229,'771.06'),
(1,229,'1882.54'),
(6,229,'1940.80'),
(9,229,'671.21'),
(12,229,'64.94'),
(13,229,'100.76'),
(15,229,'2019.00'),
(16,229,'172.01'),
(18,229,'99.72'),
(20,229,'154.15'),
(25,229,'91.48'),
(27,229,'672.08'),
(33,229,'140.17'),
(36,229,'83.37'),
(38,229,'675.09'),
(40,229,'149.02'),
(41,229,'1788.21'),
(42,229,'1898.13'),
(48,229,'1834.66'),
(49,229,'153.06'),
(0,225,'658.21'),
(1,225,'1607.21'),
(10,225,'691.00'),
(11,225,'1540.58'),
(17,225,'2085.94'),
(18,225,'79.49'),
(21,225,'149.71'),
(25,225,'103.61'),
(26,225,'1563.41'),
(28,225,'151.26'),
(29,225,'725.69'),
(30,225,'94.49'),
(34,225,'617.24'),
(35,225,'738.44'),
(37,225,'559.05'),
(41,225,'2136.87'),
(45,225,'147.74'),
(49,225,'149.63'),
(1,173,'1949.37'),
(2,173,'89.50'),
(4,173,'159.81'),
(7,173,'89.26'),
(8,173,'394.57'),
(9,173,'644.41'),
(12,173,'86.06'),
(14,173,'646.43'),
(15,173,'1585.91'),
(17,173,'1717.93'),
(18,173,'78.43'),
(21,173,'188.69'),
(23,173,'623.93'),
(24,173,'133.90'),
(27,173,'671.73'),
(29,173,'601.18'),
(33,173,'164.80'),
(36,173,'91.98'),
(37,173,'709.73'),
(40,173,'145.53'),
(43,173,'1524.43'),
(45,173,'149.61'),
(46,173,'696.29'),
(49,173,'161.06'),
(1,258,'2013.58'),
(2,258,'89.22'),
(8,258,'327.95'),
(14,258,'627.98'),
(15,258,'1686.21'),
(16,258,'132.67'),
(21,258,'160.77'),
(22,258,'156.91'),
(24,258,'168.50'),
(27,258,'545.74'),
(29,258,'573.05'),
(30,258,'99.87'),
(31,258,'370.20'),
(32,258,'329.99'),
(33,258,'148.16'),
(37,258,'641.68'),
(39,258,'148.56'),
(40,258,'159.53'),
(43,258,'1791.01'),
(46,258,'701.79'),
(48,258,'2036.25'),
(49,258,'136.10'),
(1,183,'1891.44'),
(2,183,'91.41'),
(5,183,'77.93'),
(12,183,'92.55'),
(14,183,'799.19'),
(16,183,'162.30'),
(17,183,'1731.93'),
(21,183,'140.21'),
(24,183,'138.07'),
(30,183,'101.52'),
(36,183,'83.85'),
(38,183,'669.42'),
(40,183,'162.17'),
(42,183,'1793.52'),
(43,183,'1611.88'),
(47,183,'81.49'),
(3,108,'1862.65'),
(8,108,'405.70'),
(9,108,'560.44'),
(10,108,'522.58'),
(11,108,'1722.96'),
(12,108,'89.93'),
(14,108,'549.83'),
(16,108,'168.55'),
(20,108,'156.13'),
(22,108,'141.53'),
(25,108,'65.68'),
(27,108,'600.31'),
(28,108,'131.51'),
(30,108,'90.03'),
(32,108,'388.54'),
(34,108,'767.00'),
(36,108,'98.16'),
(38,108,'602.36'),
(41,108,'2058.01'),
(42,108,'1779.88'),
(1,175,'1925.97'),
(2,175,'88.14'),
(3,175,'1953.35'),
(4,175,'146.37'),
(6,175,'1795.20'),
(7,175,'97.66'),
(8,175,'389.49'),
(9,175,'596.79'),
(13,175,'98.85'),
(15,175,'1766.60'),
(16,175,'152.69'),
(18,175,'97.31'),
(20,175,'144.10'),
(23,175,'605.65'),
(24,175,'178.54'),
(26,175,'1871.32'),
(28,175,'136.65'),
(30,175,'95.59'),
(35,175,'701.49'),
(36,175,'75.23'),
(41,175,'1534.41'),
(44,175,'507.88'),
(47,175,'85.95'),
(49,175,'157.10'),
(2,262,'97.92'),
(5,262,'96.09'),
(7,262,'100.01'),
(8,262,'353.79'),
(10,262,'605.10'),
(12,262,'73.88'),
(13,262,'94.91'),
(14,262,'701.97'),
(17,262,'1730.66'),
(18,262,'87.74'),
(20,262,'153.10'),
(21,262,'155.45'),
(23,262,'720.60'),
(26,262,'2077.83'),
(28,262,'148.10'),
(30,262,'106.72'),
(31,262,'411.92'),
(33,262,'157.68'),
(35,262,'716.59'),
(41,262,'1841.95'),
(42,262,'1923.56'),
(45,262,'150.02'),
(0,38,'607.94'),
(4,38,'146.40'),
(7,38,'89.07'),
(10,38,'754.68'),
(17,38,'2047.42'),
(23,38,'660.99'),
(24,38,'151.74'),
(25,38,'89.23'),
(27,38,'675.07'),
(28,38,'165.71'),
(29,38,'679.90'),
(30,38,'100.51'),
(33,38,'138.76'),
(34,38,'693.07'),
(35,38,'635.74'),
(36,38,'91.64'),
(38,38,'667.99'),
(40,38,'156.30'),
(42,38,'1555.83'),
(43,38,'1123.55'),
(47,38,'85.53'),
(48,38,'1850.07'),
(3,145,'2001.57'),
(14,145,'615.74'),
(15,145,'1895.71'),
(20,145,'159.35'),
(21,145,'138.80'),
(22,145,'135.31'),
(28,145,'168.88'),
(29,145,'688.24'),
(32,145,'328.04'),
(34,145,'802.21'),
(38,145,'682.48'),
(39,145,'152.29'),
(42,145,'1680.12'),
(45,145,'145.72'),
(46,145,'576.08'),
(48,145,'2079.92'),
(1,91,'2113.83'),
(3,91,'1999.30'),
(7,91,'83.31'),
(10,91,'669.11'),
(11,91,'1410.12'),
(14,91,'641.16'),
(16,91,'148.98'),
(19,91,'83.53'),
(22,91,'167.24'),
(23,91,'557.64'),
(25,91,'93.25'),
(28,91,'147.03'),
(31,91,'321.05'),
(32,91,'345.61'),
(34,91,'657.69'),
(38,91,'632.30'),
(44,91,'618.69'),
(45,91,'158.15'),
(46,91,'667.62'),
(49,91,'162.34'),
(0,184,'709.28'),
(2,184,'77.10'),
(6,184,'1514.29'),
(7,184,'92.00'),
(10,184,'732.98'),
(16,184,'165.61'),
(18,184,'69.07'),
(19,184,'83.50'),
(20,184,'128.31'),
(21,184,'127.12'),
(22,184,'144.33'),
(24,184,'177.60'),
(27,184,'630.85'),
(28,184,'163.85'),
(31,184,'302.84'),
(32,184,'357.45'),
(37,184,'604.35'),
(41,184,'2048.68'),
(48,184,'1754.36'),
(1,9,'1660.91'),
(3,9,'1895.50'),
(6,9,'1719.10'),
(13,9,'89.23'),
(16,9,'161.41'),
(18,9,'96.06'),
(20,9,'111.43'),
(22,9,'164.75'),
(24,9,'186.27'),
(25,9,'87.72'),
(27,9,'592.33'),
(29,9,'706.76'),
(30,9,'98.01'),
(34,9,'591.91'),
(41,9,'1683.21'),
(43,9,'2059.54'),
(44,9,'633.46'),
(49,9,'172.83'),
(3,284,'1225.29'),
(7,284,'86.93'),
(10,284,'693.43'),
(11,284,'1835.10'),
(13,284,'70.76'),
(18,284,'105.60'),
(21,284,'167.92'),
(29,284,'622.31'),
(31,284,'333.24'),
(32,284,'399.43'),
(36,284,'103.71'),
(38,284,'842.60'),
(39,284,'146.48'),
(41,284,'1846.00'),
(42,284,'1618.14'),
(44,284,'710.43'),
(3,18,'1492.37'),
(4,18,'149.17'),
(6,18,'1605.83'),
(9,18,'717.70'),
(10,18,'673.31'),
(11,18,'1519.06'),
(12,18,'86.03'),
(13,18,'91.43'),
(17,18,'1611.67'),
(19,18,'83.66'),
(20,18,'154.12'),
(21,18,'140.19'),
(30,18,'73.55'),
(31,18,'293.91'),
(32,18,'323.78'),
(34,18,'647.84'),
(36,18,'81.90'),
(43,18,'1888.79'),
(46,18,'640.61'),
(49,18,'167.48'),
(0,31,'680.50'),
(8,31,'366.17'),
(11,31,'1712.80'),
(12,31,'100.13'),
(15,31,'1563.46'),
(17,31,'1812.57'),
(18,31,'88.59'),
(20,31,'137.49'),
(21,31,'148.90'),
(22,31,'167.46'),
(28,31,'168.83'),
(34,31,'674.31'),
(38,31,'605.22'),
(39,31,'133.14'),
(41,31,'1883.93'),
(42,31,'1703.54'),
(45,31,'173.51'),
(46,31,'698.97'),
(2,263,'90.65'),
(6,263,'1721.86'),
(9,263,'790.46'),
(18,263,'88.92'),
(20,263,'144.33'),
(21,263,'122.40'),
(23,263,'514.24'),
(24,263,'149.21'),
(26,263,'1600.29'),
(28,263,'179.43'),
(30,263,'92.35'),
(32,263,'306.86'),
(33,263,'136.66'),
(34,263,'733.75'),
(35,263,'725.44'),
(37,263,'563.41'),
(39,263,'137.81'),
(40,263,'132.77'),
(41,263,'1714.57'),
(46,263,'796.07'),
(47,263,'88.53'),
(49,263,'172.93'),
(0,248,'606.81'),
(1,248,'1878.27'),
(2,248,'90.98'),
(4,248,'139.21'),
(5,248,'92.57'),
(7,248,'108.66'),
(14,248,'678.07'),
(17,248,'1820.56'),
(18,248,'85.05'),
(24,248,'145.12'),
(27,248,'620.07'),
(31,248,'441.95'),
(36,248,'78.59'),
(39,248,'144.79'),
(40,248,'165.12'),
(41,248,'1643.18'),
(43,248,'1813.99'),
(44,248,'682.67'),
(45,248,'152.32'),
(47,248,'76.80'),
(48,248,'1778.46'),
(4,286,'158.01'),
(5,286,'89.23'),
(6,286,'1732.51'),
(7,286,'112.79'),
(9,286,'595.32'),
(10,286,'652.23'),
(11,286,'1832.12'),
(12,286,'88.79'),
(20,286,'154.00'),
(22,286,'143.79'),
(24,286,'164.25'),
(25,286,'81.30'),
(26,286,'1632.37'),
(27,286,'673.20'),
(28,286,'166.86'),
(29,286,'725.87'),
(35,286,'632.41'),
(37,286,'619.81'),
(40,286,'128.94'),
(44,286,'631.45'),
(46,286,'771.46'),
(48,286,'1731.88'),
(2,272,'89.03'),
(5,272,'84.35'),
(6,272,'1906.45'),
(7,272,'83.97'),
(13,272,'103.05'),
(16,272,'146.66'),
(18,272,'93.77'),
(19,272,'114.23'),
(21,272,'138.28'),
(26,272,'1516.59'),
(28,272,'138.91'),
(29,272,'519.53'),
(31,272,'334.38'),
(33,272,'181.14'),
(38,272,'508.73'),
(39,272,'166.49'),
(44,272,'703.55'),
(46,272,'682.18'),
(49,272,'146.08'),
(1,218,'1741.58'),
(2,218,'82.44'),
(3,218,'1783.29'),
(4,218,'155.22'),
(5,218,'86.19'),
(8,218,'360.46'),
(9,218,'644.49'),
(12,218,'79.66'),
(13,218,'89.42'),
(14,218,'641.62'),
(15,218,'1782.22'),
(16,218,'148.37'),
(17,218,'1481.72'),
(18,218,'80.52'),
(19,218,'98.43'),
(20,218,'157.38'),
(24,218,'162.42'),
(25,218,'96.49'),
(28,218,'166.95'),
(33,218,'150.38'),
(34,218,'690.77'),
(35,218,'711.68'),
(36,218,'99.89'),
(38,218,'539.96'),
(39,218,'162.00'),
(43,218,'1846.43'),
(44,218,'712.24'),
(46,218,'738.39'),
(47,218,'102.30'),
(49,218,'147.83'),
(4,296,'128.37'),
(6,296,'1885.35'),
(7,296,'89.37'),
(9,296,'568.99'),
(12,296,'81.46'),
(13,296,'96.85'),
(14,296,'585.22'),
(17,296,'1742.60'),
(18,296,'76.68'),
(19,296,'104.25'),
(21,296,'154.64'),
(26,296,'1580.60'),
(27,296,'594.35'),
(31,296,'366.53'),
(32,296,'395.53'),
(34,296,'602.55'),
(36,296,'101.31'),
(39,296,'129.61'),
(40,296,'179.60'),
(42,296,'1929.78'),
(43,296,'1880.11'),
(45,296,'153.66'),
(46,296,'584.49'),
(0,168,'679.53'),
(3,168,'1934.60'),
(5,168,'85.76'),
(6,168,'2074.99'),
(17,168,'2149.30'),
(21,168,'134.09'),
(22,168,'139.52'),
(23,168,'644.32'),
(26,168,'1426.35'),
(27,168,'755.68'),
(32,168,'372.12'),
(36,168,'84.75'),
(37,168,'604.43'),
(38,168,'615.63'),
(39,168,'140.63'),
(40,168,'150.49'),
(43,168,'1757.91'),
(48,168,'2062.90'),
(2,143,'70.64'),
(7,143,'86.86'),
(9,143,'631.20'),
(11,143,'1960.65'),
(12,143,'95.59'),
(13,143,'87.03'),
(15,143,'1979.00'),
(25,143,'111.65'),
(27,143,'544.80'),
(29,143,'746.02'),
(31,143,'316.73'),
(35,143,'588.76'),
(44,143,'645.20'),
(46,143,'640.38'),
(47,143,'89.81'),
(48,143,'1952.00'),
(4,253,'148.51'),
(5,253,'93.00'),
(10,253,'759.63'),
(11,253,'2009.90'),
(12,253,'84.85'),
(13,253,'82.46'),
(14,253,'685.40'),
(19,253,'105.31'),
(21,253,'138.54'),
(22,253,'167.20'),
(24,253,'152.91'),
(25,253,'84.07'),
(33,253,'156.93'),
(34,253,'623.83'),
(35,253,'668.88'),
(36,253,'103.33'),
(37,253,'609.71'),
(39,253,'140.53'),
(41,253,'1777.94'),
(44,253,'726.14'),
(4,176,'158.72'),
(5,176,'91.50'),
(6,176,'1565.69'),
(7,176,'89.35'),
(8,176,'353.46'),
(17,176,'1723.52'),
(24,176,'133.10'),
(28,176,'144.99'),
(29,176,'589.04'),
(32,176,'312.49'),
(34,176,'655.70'),
(35,176,'553.92'),
(36,176,'90.67'),
(38,176,'732.46'),
(41,176,'1843.59'),
(44,176,'658.82'),
(48,176,'2049.30'),
(49,176,'159.00'),
(0,205,'664.05'),
(2,205,'97.24'),
(7,205,'94.31'),
(12,205,'91.13'),
(13,205,'91.54'),
(17,205,'1414.57'),
(19,205,'87.55'),
(21,205,'158.80'),
(22,205,'148.42'),
(24,205,'194.02'),
(30,205,'86.99'),
(33,205,'158.11'),
(35,205,'648.37'),
(38,205,'630.72'),
(44,205,'563.02'),
(46,205,'703.72'),
(47,205,'103.08'),
(48,205,'1693.94'),
(3,269,'2005.16'),
(11,269,'1669.71'),
(14,269,'728.12'),
(19,269,'103.85'),
(21,269,'160.96'),
(27,269,'653.21'),
(28,269,'137.51'),
(31,269,'382.49'),
(33,269,'159.37'),
(34,269,'813.69'),
(36,269,'83.66'),
(42,269,'1722.38'),
(47,269,'87.42'),
(48,269,'1459.62'),
(49,269,'144.40'),
(2,33,'74.96'),
(3,33,'1867.33'),
(5,33,'100.15'),
(7,33,'79.62'),
(9,33,'603.53'),
(11,33,'1825.53'),
(13,33,'84.80'),
(15,33,'1481.02'),
(17,33,'1946.49'),
(18,33,'71.63'),
(27,33,'598.34'),
(31,33,'355.01'),
(33,33,'134.54'),
(36,33,'74.48'),
(40,33,'167.10'),
(41,33,'1935.57'),
(42,33,'2022.98'),
(43,33,'1810.84'),
(44,33,'588.30'),
(47,33,'91.85'),
(0,230,'615.44'),
(2,230,'74.40'),
(4,230,'148.14'),
(9,230,'710.73'),
(10,230,'815.65'),
(13,230,'74.23'),
(14,230,'527.97'),
(15,230,'1508.06'),
(16,230,'162.00'),
(17,230,'1626.20'),
(18,230,'83.88'),
(19,230,'83.98'),
(22,230,'143.23'),
(23,230,'754.24'),
(24,230,'152.70'),
(26,230,'1753.05'),
(27,230,'579.71'),
(29,230,'766.65'),
(32,230,'378.45'),
(41,230,'1818.99'),
(42,230,'1896.70'),
(43,230,'1632.42'),
(45,230,'125.20'),
(47,230,'73.63'),
(49,230,'126.96'),
(3,78,'1854.71'),
(6,78,'1756.65'),
(12,78,'82.86'),
(13,78,'79.66'),
(15,78,'1879.33'),
(16,78,'166.52'),
(17,78,'1530.45'),
(18,78,'81.67'),
(19,78,'81.73'),
(20,78,'142.27'),
(24,78,'143.52'),
(26,78,'1690.17'),
(27,78,'571.48'),
(29,78,'648.92'),
(31,78,'383.57'),
(32,78,'389.52'),
(34,78,'646.49'),
(35,78,'576.85'),
(37,78,'704.66'),
(38,78,'734.09'),
(42,78,'1648.22'),
(45,78,'159.83'),
(46,78,'599.39'),
(47,78,'83.96'),
(48,78,'1713.67'),
(49,78,'155.54'),
(1,204,'1622.90'),
(13,204,'108.85'),
(16,204,'151.57'),
(17,204,'1652.20'),
(18,204,'95.48'),
(22,204,'128.73'),
(23,204,'702.17'),
(26,204,'1450.91'),
(27,204,'615.44'),
(29,204,'583.42'),
(31,204,'315.40'),
(32,204,'352.83'),
(33,204,'150.55'),
(36,204,'94.23'),
(37,204,'580.27'),
(38,204,'539.96'),
(39,204,'128.89'),
(40,204,'167.40'),
(41,204,'1653.25'),
(0,66,'666.62'),
(3,66,'1327.71'),
(4,66,'153.41'),
(6,66,'1811.60'),
(7,66,'82.37'),
(8,66,'292.71'),
(10,66,'546.10'),
(17,66,'1898.69'),
(19,66,'77.42'),
(21,66,'160.26'),
(23,66,'700.69'),
(24,66,'133.54'),
(26,66,'1424.29'),
(28,66,'142.15'),
(34,66,'555.82'),
(40,66,'134.79'),
(41,66,'1936.01'),
(43,66,'1632.10'),
(46,66,'676.36'),
(2,86,'81.58'),
(5,86,'89.36'),
(6,86,'1599.11'),
(8,86,'304.98'),
(9,86,'642.31'),
(10,86,'631.62'),
(14,86,'643.73'),
(15,86,'2001.67'),
(18,86,'78.06'),
(20,86,'145.84'),
(21,86,'148.99'),
(25,86,'89.47'),
(28,86,'151.77'),
(33,86,'169.91'),
(37,86,'653.20'),
(39,86,'156.27'),
(41,86,'1489.24'),
(46,86,'606.33'),
(47,86,'87.65'),
(48,86,'2024.53'),
(3,188,'1949.86'),
(7,188,'73.52'),
(8,188,'374.50'),
(10,188,'699.65'),
(15,188,'1682.42'),
(17,188,'1778.06'),
(18,188,'91.75'),
(25,188,'87.92'),
(26,188,'1876.54'),
(30,188,'103.99'),
(31,188,'381.59'),
(32,188,'388.65'),
(33,188,'141.50'),
(34,188,'682.65'),
(39,188,'168.77'),
(41,188,'1730.84'),
(42,188,'1468.13'),
(44,188,'659.16'),
(45,188,'167.62'),
(0,32,'723.34'),
(3,32,'1681.72'),
(7,32,'93.48'),
(8,32,'309.31'),
(10,32,'685.60'),
(11,32,'1731.40'),
(16,32,'145.39'),
(18,32,'78.30'),
(20,32,'147.42'),
(21,32,'137.89'),
(25,32,'91.73'),
(26,32,'1648.39'),
(31,32,'397.59'),
(35,32,'644.63'),
(36,32,'93.53'),
(39,32,'155.27'),
(42,32,'1956.13'),
(47,32,'82.15'),
(48,32,'1840.10'),
(1,132,'1734.38'),
(3,132,'1851.61'),
(6,132,'1829.93'),
(7,132,'112.05'),
(9,132,'512.92'),
(10,132,'545.52'),
(12,132,'84.33'),
(15,132,'1363.59'),
(20,132,'147.71'),
(21,132,'137.50'),
(22,132,'132.57'),
(24,132,'131.34'),
(27,132,'615.03'),
(29,132,'731.13'),
(38,132,'653.65'),
(39,132,'151.62'),
(40,132,'148.82'),
(41,132,'1591.98'),
(0,83,'607.44'),
(1,83,'1536.77'),
(5,83,'89.48'),
(13,83,'86.76'),
(17,83,'2002.24'),
(27,83,'715.37'),
(28,83,'157.83'),
(29,83,'654.88'),
(32,83,'324.89'),
(33,83,'155.98'),
(37,83,'823.96'),
(38,83,'583.98'),
(43,83,'1687.86'),
(44,83,'762.07'),
(46,83,'560.18'),
(48,83,'1602.52'),
(49,83,'135.28'),
(0,233,'625.38'),
(2,233,'88.47'),
(4,233,'143.62'),
(9,233,'616.61'),
(10,233,'687.16'),
(11,233,'1631.01'),
(15,233,'1952.93'),
(16,233,'141.95'),
(25,233,'86.75'),
(26,233,'1764.25'),
(28,233,'155.56'),
(29,233,'697.84'),
(32,233,'366.83'),
(34,233,'753.33'),
(36,233,'94.39'),
(38,233,'653.56'),
(42,233,'1615.80'),
(43,233,'1862.78'),
(44,233,'729.66'),
(45,233,'170.44'),
(48,233,'1939.83'),
(49,233,'145.72'),
(4,80,'157.37'),
(7,80,'75.53'),
(8,80,'353.02'),
(9,80,'637.82'),
(11,80,'1635.52'),
(18,80,'87.43'),
(19,80,'91.31'),
(23,80,'632.32'),
(24,80,'148.83'),
(27,80,'699.64'),
(28,80,'130.89'),
(29,80,'523.32'),
(33,80,'147.11'),
(34,80,'694.09'),
(35,80,'753.21'),
(41,80,'1503.66'),
(42,80,'1800.75'),
(44,80,'657.72'),
(49,80,'145.68'),
(3,202,'1553.46'),
(4,202,'160.47'),
(10,202,'743.47'),
(12,202,'97.18'),
(13,202,'78.44'),
(21,202,'150.59'),
(23,202,'475.08'),
(26,202,'1913.48'),
(27,202,'716.83'),
(28,202,'165.95'),
(31,202,'360.24'),
(35,202,'716.24'),
(36,202,'90.08'),
(39,202,'161.67'),
(40,202,'177.32'),
(41,202,'1407.62'),
(46,202,'703.34'),
(48,202,'1530.95'),
(49,202,'144.76'),
(0,74,'646.56'),
(1,74,'1652.29'),
(2,74,'78.92'),
(3,74,'1654.94'),
(5,74,'93.94'),
(17,74,'1973.42'),
(21,74,'160.26'),
(22,74,'136.06'),
(23,74,'610.54'),
(24,74,'155.31'),
(26,74,'2015.47'),
(28,74,'139.70'),
(30,74,'89.97'),
(32,74,'396.47'),
(38,74,'611.80'),
(39,74,'146.43'),
(42,74,'1897.05'),
(43,74,'1972.60'),
(45,74,'155.23'),
(2,290,'90.12'),
(4,290,'163.38'),
(8,290,'374.66'),
(10,290,'690.16'),
(11,290,'2040.58'),
(14,290,'670.13'),
(16,290,'138.33'),
(18,290,'101.42'),
(20,290,'134.28'),
(23,290,'568.61'),
(24,290,'157.59'),
(33,290,'147.95'),
(37,290,'678.13'),
(42,290,'1801.22'),
(44,290,'658.40'),
(47,290,'93.35'),
(48,290,'1552.73'),
(0,181,'629.57'),
(7,181,'80.11'),
(8,181,'375.54'),
(9,181,'743.04'),
(10,181,'580.48'),
(12,181,'91.05'),
(14,181,'632.37'),
(16,181,'160.22'),
(21,181,'175.78'),
(22,181,'146.52'),
(26,181,'1761.11'),
(28,181,'133.22'),
(29,181,'663.14'),
(32,181,'295.55'),
(35,181,'663.35'),
(36,181,'78.17'),
(38,181,'668.25'),
(44,181,'644.65'),
(46,181,'665.19'),
(47,181,'76.38'),
(48,181,'1361.24'),
(49,181,'145.83'),
(4,127,'154.68'),
(6,127,'1992.79'),
(7,127,'105.98'),
(9,127,'729.43'),
(10,127,'580.66'),
(11,127,'2021.69'),
(16,127,'151.94'),
(18,127,'108.18'),
(19,127,'87.36'),
(21,127,'157.88'),
(23,127,'601.35'),
(25,127,'100.79'),
(26,127,'1819.93'),
(27,127,'671.33'),
(29,127,'803.85'),
(30,127,'93.50'),
(33,127,'162.73'),
(34,127,'679.68'),
(35,127,'726.64'),
(36,127,'85.56'),
(39,127,'186.98'),
(40,127,'152.16'),
(44,127,'532.79'),
(47,127,'93.41'),
(1,266,'1725.80'),
(2,266,'97.89'),
(7,266,'68.54'),
(8,266,'309.03'),
(10,266,'680.38'),
(13,266,'82.47'),
(14,266,'552.56'),
(18,266,'90.26'),
(19,266,'100.50'),
(22,266,'168.46'),
(23,266,'635.60'),
(24,266,'155.95'),
(26,266,'1946.89'),
(27,266,'716.33'),
(28,266,'145.57'),
(29,266,'668.99'),
(30,266,'81.79'),
(32,266,'325.98'),
(34,266,'569.84'),
(35,266,'564.24'),
(36,266,'98.97'),
(40,266,'136.18'),
(41,266,'1983.24'),
(42,266,'1995.20'),
(44,266,'607.99'),
(46,266,'594.80'),
(47,266,'93.00'),
(2,182,'104.99'),
(6,182,'1648.74'),
(13,182,'87.19'),
(15,182,'1844.64'),
(25,182,'96.36'),
(26,182,'1955.69'),
(27,182,'552.85'),
(29,182,'623.16'),
(43,182,'1976.07'),
(46,182,'612.89'),
(48,182,'2066.64'),
(49,182,'153.35'),
(0,156,'646.74'),
(3,156,'1396.78'),
(5,156,'100.24'),
(7,156,'93.70'),
(9,156,'771.38'),
(12,156,'95.67'),
(20,156,'148.23'),
(22,156,'160.83'),
(23,156,'580.71'),
(26,156,'1823.69'),
(30,156,'107.00'),
(32,156,'392.28'),
(36,156,'101.99'),
(41,156,'1899.46'),
(42,156,'1522.90'),
(44,156,'643.82'),
(46,156,'648.87'),
(47,156,'83.31'),
(0,130,'734.87'),
(9,130,'741.34'),
(10,130,'623.42'),
(12,130,'92.59'),
(18,130,'73.89'),
(19,130,'82.57'),
(22,130,'161.36'),
(24,130,'152.39'),
(27,130,'677.28'),
(31,130,'388.04'),
(34,130,'668.95'),
(37,130,'766.06'),
(38,130,'726.00'),
(40,130,'135.49'),
(41,130,'1595.03'),
(45,130,'140.74'),
(48,130,'1901.71'),
(49,130,'128.31'),
(4,105,'161.41'),
(6,105,'1716.51'),
(7,105,'103.10'),
(11,105,'1777.59'),
(15,105,'1408.25'),
(18,105,'103.56'),
(23,105,'652.73'),
(25,105,'94.40'),
(32,105,'313.43'),
(35,105,'539.05'),
(37,105,'714.30'),
(40,105,'175.09'),
(43,105,'1668.50'),
(45,105,'155.79'),
(47,105,'86.90'),
(49,105,'129.09'),
(3,129,'2059.94'),
(5,129,'91.07'),
(6,129,'1889.51'),
(10,129,'740.72'),
(11,129,'1706.22'),
(14,129,'601.35'),
(15,129,'1963.89'),
(18,129,'94.91'),
(20,129,'143.43'),
(25,129,'93.94'),
(27,129,'687.34'),
(29,129,'683.72'),
(32,129,'384.10'),
(35,129,'563.24'),
(36,129,'111.97'),
(40,129,'151.38'),
(44,129,'666.34'),
(45,129,'138.80'),
(48,129,'1710.76'),
(49,129,'159.90'),
(0,13,'624.23'),
(2,13,'62.69'),
(5,13,'86.90'),
(6,13,'1896.74'),
(7,13,'84.28'),
(8,13,'395.16'),
(12,13,'107.24'),
(15,13,'1731.56'),
(17,13,'1985.04'),
(18,13,'85.97'),
(22,13,'170.01'),
(23,13,'627.46'),
(26,13,'1577.80'),
(27,13,'660.54'),
(28,13,'138.09'),
(29,13,'682.68'),
(32,13,'354.19'),
(33,13,'157.79'),
(34,13,'645.39'),
(35,13,'671.27'),
(36,13,'82.84'),
(37,13,'523.53'),
(40,13,'156.47'),
(41,13,'1458.23'),
(43,13,'1599.98'),
(44,13,'646.02'),
(46,13,'625.83'),
(0,220,'590.98'),
(1,220,'1835.63'),
(2,220,'93.89'),
(3,220,'1777.15'),
(7,220,'84.27'),
(8,220,'355.14'),
(10,220,'658.34'),
(11,220,'1793.82'),
(12,220,'106.31'),
(18,220,'85.90'),
(21,220,'138.87'),
(22,220,'143.28'),
(24,220,'136.76'),
(27,220,'617.51'),
(29,220,'699.59'),
(31,220,'370.19'),
(32,220,'385.31'),
(34,220,'802.36'),
(36,220,'88.57'),
(37,220,'669.52'),
(39,220,'133.75'),
(42,220,'1777.25'),
(44,220,'649.74'),
(45,220,'156.98'),
(47,220,'94.56'),
(48,220,'1720.39'),
(3,135,'1948.64'),
(10,135,'710.51'),
(12,135,'96.75'),
(13,135,'99.03'),
(14,135,'758.48'),
(16,135,'143.66'),
(18,135,'105.99'),
(20,135,'159.47'),
(21,135,'145.39'),
(22,135,'155.91'),
(23,135,'714.35'),
(24,135,'191.21'),
(26,135,'2003.66'),
(31,135,'330.86'),
(40,135,'156.16'),
(48,135,'1699.28'),
(0,154,'677.51'),
(2,154,'111.54'),
(3,154,'1592.95'),
(4,154,'154.03'),
(5,154,'92.02'),
(6,154,'2037.03'),
(7,154,'97.14'),
(8,154,'375.67'),
(9,154,'700.87'),
(10,154,'612.68'),
(11,154,'1900.54'),
(13,154,'90.18'),
(16,154,'161.41'),
(19,154,'93.35'),
(20,154,'138.02'),
(22,154,'165.55'),
(26,154,'1854.68'),
(28,154,'164.06'),
(31,154,'370.19'),
(33,154,'154.74'),
(37,154,'478.27'),
(38,154,'716.82'),
(39,154,'149.81'),
(40,154,'157.07'),
(41,154,'1921.78'),
(44,154,'694.12'),
(47,154,'72.92'),
(48,154,'1528.95'),
(49,154,'164.18'),
(4,88,'137.31'),
(9,88,'643.64'),
(10,88,'659.06'),
(11,88,'1694.75'),
(12,88,'74.70'),
(16,88,'149.46'),
(18,88,'75.50'),
(21,88,'186.71'),
(24,88,'148.54'),
(26,88,'2159.32'),
(28,88,'150.04'),
(29,88,'754.05'),
(34,88,'699.30'),
(37,88,'685.58'),
(38,88,'758.34'),
(39,88,'144.74'),
(41,88,'1877.27'),
(43,88,'1833.40'),
(44,88,'619.48'),
(2,95,'83.24'),
(7,95,'96.64'),
(8,95,'395.47'),
(11,95,'1717.12'),
(15,95,'1688.38'),
(19,95,'102.16'),
(20,95,'152.17'),
(21,95,'164.11'),
(22,95,'151.62'),
(24,95,'139.47'),
(25,95,'98.13'),
(30,95,'111.31'),
(35,95,'715.60'),
(45,95,'136.65'),
(46,95,'667.56'),
(49,95,'127.50'),
(4,255,'143.07'),
(5,255,'97.91'),
(9,255,'697.16'),
(10,255,'788.24'),
(12,255,'91.14'),
(13,255,'107.05'),
(14,255,'669.41'),
(15,255,'1815.75'),
(16,255,'161.27'),
(19,255,'101.61'),
(20,255,'149.34'),
(26,255,'1768.64'),
(30,255,'95.21'),
(31,255,'308.11'),
(34,255,'587.53'),
(35,255,'707.39'),
(39,255,'135.60'),
(40,255,'156.96'),
(41,255,'1853.36'),
(42,255,'1812.45'),
(43,255,'2036.02'),
(45,255,'136.20'),
(46,255,'528.29'),
(49,255,'135.13'),
(5,146,'92.68'),
(9,146,'822.75'),
(11,146,'1849.48'),
(17,146,'1915.61'),
(25,146,'94.33'),
(31,146,'417.55'),
(33,146,'127.13'),
(34,146,'613.06'),
(35,146,'626.74'),
(37,146,'796.41'),
(38,146,'626.85'),
(42,146,'1912.56'),
(45,146,'135.51'),
(47,146,'103.04'),
(48,146,'1661.06'),
(0,111,'623.20'),
(1,111,'2009.44'),
(4,111,'138.05'),
(7,111,'96.82'),
(8,111,'307.05'),
(9,111,'690.46'),
(11,111,'1978.55'),
(13,111,'89.74'),
(16,111,'145.05'),
(22,111,'163.85'),
(24,111,'135.86'),
(26,111,'1839.15'),
(27,111,'638.65'),
(28,111,'151.92'),
(31,111,'382.27'),
(34,111,'669.67'),
(37,111,'653.96'),
(39,111,'163.26'),
(42,111,'1768.28'),
(44,111,'662.15'),
(45,111,'149.06'),
(46,111,'769.13'),
(48,111,'1674.59'),
(4,14,'128.85'),
(5,14,'80.23'),
(6,14,'1799.01'),
(7,14,'76.18'),
(8,14,'427.03'),
(9,14,'636.53'),
(10,14,'502.21'),
(12,14,'86.17'),
(13,14,'95.49'),
(14,14,'541.64'),
(15,14,'1854.83'),
(19,14,'81.74'),
(23,14,'568.88'),
(29,14,'616.71'),
(32,14,'374.29'),
(35,14,'640.15'),
(36,14,'95.82'),
(37,14,'618.18'),
(42,14,'1659.13'),
(44,14,'560.13'),
(49,14,'167.69'),
(7,113,'79.71'),
(8,113,'410.16'),
(9,113,'644.76'),
(10,113,'626.48'),
(11,113,'1813.52'),
(13,113,'96.63'),
(16,113,'143.76'),
(19,113,'80.58'),
(23,113,'686.93'),
(26,113,'1505.61'),
(27,113,'724.39'),
(31,113,'370.20'),
(33,113,'157.53'),
(34,113,'635.06'),
(35,113,'634.59'),
(37,113,'681.54'),
(38,113,'622.60'),
(41,113,'1770.63'),
(42,113,'1906.49'),
(43,113,'2214.65'),
(46,113,'690.87'),
(2,96,'88.89'),
(3,96,'2081.26'),
(4,96,'154.01'),
(5,96,'78.07'),
(17,96,'1881.48'),
(24,96,'161.61'),
(27,96,'603.12'),
(33,96,'170.23'),
(35,96,'529.91'),
(39,96,'154.51'),
(45,96,'158.46'),
(3,163,'1747.87'),
(5,163,'90.62'),
(10,163,'634.38'),
(12,163,'84.49'),
(18,163,'81.84'),
(24,163,'165.46'),
(25,163,'82.41'),
(30,163,'96.45'),
(31,163,'354.00'),
(33,163,'164.87'),
(34,163,'667.72'),
(36,163,'77.64'),
(37,163,'662.95'),
(41,163,'1896.98'),
(42,163,'1697.54'),
(45,163,'127.04'),
(46,163,'539.61'),
(5,299,'89.25'),
(7,299,'86.52'),
(8,299,'396.70'),
(10,299,'733.75'),
(14,299,'573.67'),
(16,299,'144.12'),
(18,299,'71.58'),
(19,299,'90.66'),
(26,299,'1756.31'),
(31,299,'383.92'),
(40,299,'148.00'),
(47,299,'100.89'),
(1,150,'1541.29'),
(5,150,'81.55'),
(15,150,'1904.93'),
(18,150,'84.14'),
(24,150,'172.83'),
(29,150,'639.71'),
(30,150,'99.84'),
(34,150,'652.13'),
(37,150,'750.10'),
(41,150,'1920.01'),
(42,150,'1774.07'),
(49,150,'128.85'),
(0,107,'647.04'),
(6,107,'1986.84'),
(18,107,'80.44'),
(20,107,'143.31'),
(25,107,'93.10'),
(26,107,'1940.87'),
(28,107,'149.81'),
(30,107,'96.58'),
(32,107,'276.19'),
(33,107,'142.16'),
(34,107,'573.50'),
(35,107,'715.83'),
(37,107,'645.70'),
(39,107,'148.31'),
(44,107,'617.99'),
(0,137,'567.79'),
(3,137,'1571.06'),
(8,137,'320.72'),
(11,137,'1803.74'),
(14,137,'655.78'),
(15,137,'1362.87'),
(18,137,'93.85'),
(19,137,'75.85'),
(20,137,'167.55'),
(21,137,'149.56'),
(23,137,'599.94'),
(25,137,'80.06'),
(28,137,'149.50'),
(30,137,'91.19'),
(31,137,'358.23'),
(32,137,'357.90'),
(35,137,'672.39'),
(37,137,'621.52'),
(41,137,'1777.77'),
(42,137,'1869.26'),
(44,137,'610.71'),
(48,137,'1613.61'),
(0,62,'500.47'),
(2,62,'105.30'),
(10,62,'472.70'),
(13,62,'95.00'),
(15,62,'2107.79'),
(16,62,'161.95'),
(17,62,'1719.46'),
(19,62,'92.65'),
(20,62,'157.75'),
(22,62,'152.61'),
(29,62,'758.63'),
(31,62,'323.72'),
(32,62,'386.49'),
(33,62,'124.38'),
(34,62,'705.63'),
(36,62,'88.27'),
(38,62,'740.70'),
(40,62,'147.57'),
(45,62,'136.88'),
(47,62,'80.61'),
(48,62,'1666.25'),
(2,27,'96.11'),
(3,27,'1663.67'),
(5,27,'91.93'),
(6,27,'1876.58'),
(8,27,'341.99'),
(19,27,'79.56'),
(23,27,'715.77'),
(26,27,'1778.88'),
(27,27,'718.47'),
(34,27,'721.27'),
(35,27,'749.04'),
(39,27,'124.63'),
(40,27,'178.28'),
(41,27,'1803.30'),
(42,27,'1685.53'),
(45,27,'134.33'),
(47,27,'94.87'),
(48,27,'1321.00'),
(49,27,'139.94'),
(0,140,'581.01'),
(1,140,'2086.04'),
(4,140,'150.61'),
(5,140,'87.03'),
(6,140,'1957.83'),
(8,140,'375.07'),
(14,140,'748.19'),
(15,140,'1795.03'),
(16,140,'130.35'),
(21,140,'139.80'),
(24,140,'152.21'),
(27,140,'647.26'),
(30,140,'81.52'),
(32,140,'336.01'),
(33,140,'178.48'),
(35,140,'701.70'),
(36,140,'94.32'),
(37,140,'484.04'),
(42,140,'1667.80'),
(43,140,'1786.72'),
(44,140,'644.14'),
(1,37,'1819.18'),
(3,37,'1599.04'),
(7,37,'99.98'),
(8,37,'370.26'),
(13,37,'96.37'),
(15,37,'1891.95'),
(17,37,'1778.99'),
(20,37,'143.70'),
(24,37,'152.61'),
(26,37,'1922.20'),
(27,37,'639.12'),
(29,37,'681.02'),
(31,37,'300.21'),
(32,37,'386.59'),
(33,37,'132.23'),
(34,37,'645.43'),
(38,37,'765.01'),
(43,37,'1741.76'),
(46,37,'710.34'),
(1,277,'2010.13'),
(3,277,'1617.72'),
(6,277,'1748.88'),
(7,277,'100.71'),
(11,277,'1659.62'),
(15,277,'1981.76'),
(16,277,'135.49'),
(17,277,'2010.84'),
(19,277,'101.12'),
(21,277,'164.56'),
(22,277,'142.73'),
(25,277,'94.64'),
(26,277,'1708.66'),
(27,277,'623.67'),
(29,277,'617.39'),
(30,277,'89.63'),
(31,277,'303.20'),
(32,277,'383.26'),
(38,277,'708.22'),
(39,277,'159.04'),
(41,277,'1631.14'),
(42,277,'1914.37'),
(2,93,'97.94'),
(3,93,'1688.71'),
(7,93,'83.26'),
(8,93,'411.93'),
(10,93,'494.74'),
(11,93,'1975.57'),
(13,93,'81.29'),
(14,93,'720.40'),
(16,93,'177.37'),
(17,93,'1284.51'),
(18,93,'90.60'),
(19,93,'77.97'),
(20,93,'140.31'),
(23,93,'546.76'),
(24,93,'182.67'),
(27,93,'642.72'),
(28,93,'179.89'),
(31,93,'331.41'),
(32,93,'314.54'),
(38,93,'634.33'),
(39,93,'130.88'),
(40,93,'152.96'),
(43,93,'1848.04'),
(46,93,'533.86'),
(48,93,'1843.60'),
(0,116,'587.79'),
(1,116,'1770.09'),
(6,116,'1875.73'),
(11,116,'1570.02'),
(12,116,'95.63'),
(16,116,'149.05'),
(18,116,'98.51'),
(23,116,'635.53'),
(28,116,'125.47'),
(29,116,'677.42'),
(31,116,'339.61'),
(33,116,'157.35'),
(34,116,'585.17'),
(39,116,'128.38'),
(42,116,'1562.56'),
(43,116,'1621.81'),
(44,116,'669.51'),
(47,116,'81.11'),
(3,61,'1587.22'),
(7,61,'90.68'),
(10,61,'738.41'),
(14,61,'654.95'),
(17,61,'1663.80'),
(18,61,'93.18'),
(20,61,'151.27'),
(23,61,'552.79'),
(24,61,'147.81'),
(26,61,'1703.33'),
(27,61,'646.40'),
(29,61,'555.72'),
(30,61,'100.84'),
(31,61,'336.34'),
(36,61,'93.31'),
(37,61,'712.13'),
(39,61,'163.20'),
(40,61,'151.38'),
(44,61,'494.70'),
(46,61,'678.50'),
(48,61,'1714.35'),
(0,242,'539.31'),
(3,242,'2477.85'),
(4,242,'155.89'),
(5,242,'79.58'),
(7,242,'93.94'),
(9,242,'650.16'),
(12,242,'76.72'),
(13,242,'82.53'),
(14,242,'838.53'),
(15,242,'2105.04'),
(16,242,'145.07'),
(17,242,'1538.76'),
(18,242,'91.37'),
(22,242,'151.46'),
(29,242,'652.59'),
(32,242,'449.56'),
(34,242,'627.74'),
(38,242,'627.14'),
(39,242,'127.00'),
(47,242,'78.96'),
(49,242,'127.71'),
(1,77,'1976.06'),
(2,77,'98.50'),
(7,77,'96.62'),
(8,77,'342.53'),
(10,77,'712.75'),
(13,77,'78.55'),
(14,77,'629.74'),
(22,77,'148.74'),
(25,77,'90.56'),
(28,77,'161.29'),
(30,77,'74.47'),
(31,77,'322.95'),
(33,77,'153.24'),
(35,77,'730.31'),
(45,77,'113.89'),
(49,77,'156.20'),
(2,67,'86.81'),
(4,67,'144.68'),
(5,67,'85.95'),
(6,67,'1618.68'),
(9,67,'644.54'),
(10,67,'643.59'),
(15,67,'1857.88'),
(16,67,'147.72'),
(17,67,'1930.86'),
(24,67,'175.35'),
(27,67,'588.98'),
(31,67,'388.09'),
(32,67,'312.84'),
(36,67,'98.07'),
(37,67,'703.82'),
(41,67,'1694.76'),
(45,67,'174.62'),
(48,67,'1924.98'),
(1,223,'1830.48'),
(2,223,'98.78'),
(4,223,'132.30'),
(6,223,'1745.81'),
(9,223,'659.12'),
(13,223,'112.56'),
(16,223,'155.72'),
(20,223,'162.11'),
(23,223,'627.39'),
(25,223,'89.97'),
(29,223,'689.88'),
(30,223,'90.25'),
(31,223,'360.95'),
(32,223,'363.45'),
(35,223,'828.61'),
(36,223,'89.98'),
(37,223,'541.40'),
(39,223,'137.92'),
(41,223,'1850.43'),
(44,223,'665.40'),
(46,223,'594.53'),
(48,223,'1834.88'),
(49,223,'133.78'),
(0,134,'674.58'),
(7,134,'88.46'),
(8,134,'309.23'),
(13,134,'69.55'),
(16,134,'166.19'),
(18,134,'99.50'),
(20,134,'146.76'),
(26,134,'1750.81'),
(27,134,'663.26'),
(29,134,'675.02'),
(30,134,'91.10'),
(33,134,'153.15'),
(34,134,'635.64'),
(37,134,'688.94'),
(39,134,'158.44'),
(41,134,'1626.48'),
(44,134,'671.38'),
(48,134,'1867.81'),
(49,134,'170.57'),
(1,186,'1789.78'),
(3,186,'1708.96'),
(4,186,'151.73'),
(5,186,'87.56'),
(8,186,'362.13'),
(14,186,'638.45'),
(15,186,'1780.58'),
(16,186,'160.58'),
(17,186,'1509.65'),
(21,186,'145.61'),
(22,186,'150.66'),
(24,186,'121.54'),
(26,186,'1521.51'),
(27,186,'708.84'),
(29,186,'665.93'),
(30,186,'86.87'),
(32,186,'332.21'),
(34,186,'562.18'),
(36,186,'99.72'),
(39,186,'119.90'),
(42,186,'1670.09'),
(43,186,'2089.70'),
(44,186,'661.13'),
(45,186,'152.07'),
(49,186,'140.09'),
(4,48,'135.31'),
(5,48,'79.08'),
(6,48,'1961.45'),
(7,48,'103.24'),
(8,48,'351.41'),
(9,48,'686.07'),
(11,48,'1804.20'),
(15,48,'1711.81'),
(16,48,'143.74'),
(17,48,'1831.10'),
(21,48,'160.65'),
(23,48,'574.52'),
(24,48,'160.25'),
(26,48,'2016.18'),
(27,48,'658.09'),
(30,48,'89.18'),
(31,48,'329.09'),
(33,48,'139.10'),
(34,48,'677.03'),
(37,48,'551.21'),
(42,48,'1818.44'),
(44,48,'642.61'),
(47,48,'87.08'),
(4,249,'128.96'),
(9,249,'648.46'),
(10,249,'648.52'),
(19,249,'104.21'),
(22,249,'141.78'),
(26,249,'1808.72'),
(29,249,'717.88'),
(30,249,'83.09'),
(34,249,'673.41'),
(37,249,'706.04'),
(44,249,'602.75'),
(47,249,'77.77'),
(49,249,'118.54'),
(4,138,'128.99'),
(8,138,'321.51'),
(9,138,'779.44'),
(11,138,'1759.12'),
(12,138,'86.85'),
(13,138,'103.74'),
(15,138,'1640.75'),
(16,138,'165.39'),
(20,138,'112.02'),
(23,138,'668.33'),
(24,138,'160.88'),
(26,138,'1564.66'),
(27,138,'707.06'),
(28,138,'141.00'),
(30,138,'83.04'),
(31,138,'403.01'),
(32,138,'372.26'),
(33,138,'152.61'),
(34,138,'723.70'),
(36,138,'89.93'),
(38,138,'608.46'),
(39,138,'139.93'),
(40,138,'156.92'),
(41,138,'1633.26'),
(42,138,'1802.77'),
(44,138,'613.69'),
(0,180,'738.65'),
(2,180,'81.70'),
(4,180,'113.68'),
(6,180,'1897.21'),
(9,180,'654.54'),
(11,180,'1513.00'),
(14,180,'616.88'),
(15,180,'1399.32'),
(16,180,'155.99'),
(18,180,'110.61'),
(21,180,'149.91'),
(22,180,'173.45'),
(23,180,'764.16'),
(24,180,'161.38'),
(25,180,'77.02'),
(26,180,'2008.58'),
(27,180,'662.45'),
(28,180,'152.94'),
(33,180,'180.82'),
(34,180,'644.27'),
(37,180,'577.00'),
(39,180,'167.70'),
(40,180,'167.90'),
(49,180,'146.61'),
(1,47,'1678.68'),
(2,47,'100.62'),
(3,47,'1821.14'),
(7,47,'87.85'),
(8,47,'308.50'),
(9,47,'756.22'),
(11,47,'1579.17'),
(18,47,'103.01'),
(24,47,'143.79'),
(25,47,'78.07'),
(30,47,'89.59'),
(33,47,'157.35'),
(35,47,'674.02'),
(36,47,'72.50'),
(38,47,'568.03'),
(40,47,'142.80'),
(41,47,'1743.95'),
(42,47,'1640.49'),
(0,7,'601.88'),
(2,7,'98.58'),
(7,7,'112.73'),
(10,7,'568.23'),
(11,7,'2040.57'),
(13,7,'93.67'),
(16,7,'144.36'),
(19,7,'82.14'),
(25,7,'94.23'),
(26,7,'1943.36'),
(27,7,'724.51'),
(33,7,'160.01'),
(34,7,'710.30'),
(37,7,'573.29'),
(39,7,'154.68'),
(42,7,'1809.24'),
(44,7,'744.01'),
(45,7,'151.41'),
(48,7,'1748.10'),
(2,23,'83.95'),
(3,23,'1736.19'),
(8,23,'319.60'),
(10,23,'689.20'),
(12,23,'82.71'),
(17,23,'1553.69'),
(22,23,'159.04'),
(25,23,'85.49'),
(26,23,'1751.95'),
(27,23,'659.95'),
(31,23,'408.11'),
(33,23,'156.48'),
(34,23,'467.26'),
(37,23,'676.98'),
(41,23,'1671.42'),
(43,23,'1710.18'),
(46,23,'607.48'),
(12,94,'95.65'),
(15,94,'1766.35'),
(22,94,'170.88'),
(25,94,'74.86'),
(27,94,'734.12'),
(30,94,'88.04'),
(33,94,'129.11'),
(37,94,'661.44'),
(41,94,'1912.85'),
(43,94,'2051.65'),
(46,94,'713.05'),
(47,94,'97.06'),
(48,94,'1959.01'),
(0,214,'685.11'),
(2,214,'83.53'),
(5,214,'78.46'),
(9,214,'534.03'),
(10,214,'689.84'),
(11,214,'1776.81'),
(12,214,'81.09'),
(13,214,'102.41'),
(14,214,'599.92'),
(20,214,'148.64'),
(21,214,'152.49'),
(26,214,'1838.60'),
(27,214,'712.48'),
(29,214,'672.73'),
(30,214,'89.41'),
(31,214,'371.27'),
(32,214,'342.24'),
(35,214,'673.69'),
(36,214,'99.01'),
(41,214,'1781.75'),
(43,214,'1886.13'),
(44,214,'583.20'),
(45,214,'173.54'),
(46,214,'710.63'),
(49,214,'138.84'),
(1,46,'1408.45'),
(3,46,'1615.95'),
(4,46,'172.39'),
(7,46,'102.00'),
(8,46,'425.43'),
(10,46,'635.69'),
(11,46,'1967.53'),
(19,46,'81.69'),
(20,46,'154.81'),
(23,46,'737.01'),
(24,46,'152.11'),
(26,46,'1660.73'),
(27,46,'600.10'),
(28,46,'146.81'),
(29,46,'618.54'),
(31,46,'370.98'),
(37,46,'691.59'),
(46,46,'689.50'),
(47,46,'86.93'),
(48,46,'1686.15'),
(0,239,'615.99'),
(5,239,'86.90'),
(6,239,'1338.80'),
(7,239,'92.74'),
(9,239,'654.62'),
(10,239,'593.59'),
(12,239,'82.52'),
(16,239,'141.85'),
(17,239,'1480.10'),
(22,239,'163.70'),
(24,239,'175.07'),
(25,239,'93.31'),
(26,239,'1894.61'),
(28,239,'142.56'),
(30,239,'86.27'),
(31,239,'309.57'),
(32,239,'340.93'),
(33,239,'163.66'),
(39,239,'152.59'),
(42,239,'1870.73'),
(44,239,'582.34'),
(45,239,'137.90'),
(47,239,'90.11'),
(2,158,'86.63'),
(4,158,'137.81'),
(7,158,'95.64'),
(8,158,'361.14'),
(15,158,'1950.56'),
(16,158,'155.46'),
(20,158,'151.38'),
(22,158,'140.14'),
(23,158,'586.29'),
(24,158,'155.37'),
(26,158,'1652.39'),
(27,158,'642.38'),
(30,158,'100.95'),
(33,158,'161.21'),
(35,158,'647.87'),
(36,158,'89.41'),
(39,158,'174.54'),
(44,158,'563.20'),
(45,158,'152.35'),
(48,158,'1971.15'),
(49,158,'144.11'),
(0,193,'617.02'),
(1,193,'1721.89'),
(4,193,'147.18'),
(5,193,'97.61'),
(6,193,'1851.82'),
(8,193,'334.67'),
(9,193,'719.38'),
(13,193,'94.57'),
(17,193,'1676.99'),
(18,193,'89.36'),
(19,193,'99.05'),
(20,193,'133.30'),
(21,193,'153.17'),
(24,193,'135.53'),
(27,193,'509.59'),
(28,193,'143.96'),
(30,193,'86.70'),
(33,193,'157.49'),
(34,193,'588.91'),
(35,193,'715.51'),
(41,193,'1835.66'),
(45,193,'134.70'),
(49,193,'144.21'),
(5,279,'83.15'),
(6,279,'1908.13'),
(10,279,'728.57'),
(11,279,'2064.71'),
(14,279,'617.86'),
(16,279,'140.75'),
(20,279,'169.67'),
(21,279,'168.68'),
(23,279,'659.33'),
(29,279,'762.93'),
(32,279,'357.57'),
(33,279,'150.64'),
(34,279,'791.03'),
(36,279,'84.29'),
(42,279,'1765.38'),
(46,279,'672.45'),
(47,279,'92.36'),
(48,279,'1379.99'),
(1,28,'1719.32'),
(4,28,'157.51'),
(12,28,'92.71'),
(13,28,'87.59'),
(15,28,'1921.07'),
(16,28,'127.10'),
(17,28,'1537.43'),
(18,28,'74.37'),
(19,28,'82.07'),
(22,28,'141.22'),
(23,28,'621.79'),
(24,28,'161.65'),
(26,28,'1867.77'),
(27,28,'578.01'),
(32,28,'393.53'),
(33,28,'151.54'),
(35,28,'739.52'),
(36,28,'95.51'),
(38,28,'695.79'),
(40,28,'174.43'),
(41,28,'1734.37'),
(42,28,'1814.60'),
(43,28,'1393.06'),
(44,28,'771.62'),
(48,28,'1955.07'),
(1,43,'1980.25'),
(4,43,'189.03'),
(7,43,'86.32'),
(10,43,'703.49'),
(11,43,'1454.42'),
(14,43,'686.34'),
(18,43,'73.57'),
(19,43,'89.95'),
(20,43,'142.00'),
(24,43,'156.66'),
(27,43,'697.22'),
(30,43,'91.04'),
(31,43,'356.11'),
(33,43,'142.41'),
(34,43,'667.42'),
(36,43,'87.33'),
(37,43,'694.32'),
(38,43,'660.68'),
(39,43,'143.64'),
(40,43,'129.98'),
(41,43,'1582.63'),
(42,43,'1964.15'),
(43,43,'1879.04'),
(0,1,'597.68'),
(1,1,'1491.19'),
(2,1,'101.94'),
(4,1,'167.67'),
(7,1,'103.50'),
(8,1,'377.41'),
(9,1,'708.60'),
(12,1,'82.14'),
(15,1,'1826.82'),
(16,1,'135.25'),
(18,1,'87.08'),
(22,1,'155.04'),
(26,1,'1682.64'),
(29,1,'838.37'),
(30,1,'84.90'),
(32,1,'304.01'),
(34,1,'552.17'),
(36,1,'95.40'),
(43,1,'1812.99'),
(44,1,'626.52'),
(46,1,'631.41'),
(1,90,'1641.96'),
(2,90,'74.65'),
(4,90,'152.56'),
(6,90,'1951.74'),
(7,90,'80.66'),
(8,90,'393.78'),
(10,90,'518.84'),
(11,90,'1803.62'),
(12,90,'77.31'),
(14,90,'661.44'),
(15,90,'1634.36'),
(17,90,'1866.67'),
(20,90,'154.87'),
(21,90,'147.14'),
(22,90,'129.58'),
(24,90,'167.37'),
(26,90,'1815.12'),
(30,90,'86.23'),
(31,90,'368.60'),
(33,90,'163.62'),
(34,90,'679.26'),
(35,90,'685.89'),
(39,90,'174.73'),
(42,90,'1557.08'),
(45,90,'146.75'),
(47,90,'97.35'),
(49,90,'166.24'),
(0,268,'573.39'),
(1,268,'1515.44'),
(5,268,'112.85'),
(8,268,'363.25'),
(12,268,'92.67'),
(14,268,'574.06'),
(15,268,'1950.63'),
(16,268,'161.11'),
(17,268,'2028.72'),
(18,268,'98.63'),
(19,268,'94.55'),
(25,268,'98.36'),
(28,268,'174.14'),
(31,268,'339.29'),
(32,268,'282.19'),
(33,268,'130.74'),
(39,268,'169.15'),
(40,268,'148.43'),
(41,268,'1717.20'),
(48,268,'1724.32'),
(0,273,'730.69'),
(1,273,'2161.72'),
(3,273,'1881.72'),
(4,273,'172.18'),
(6,273,'1705.42'),
(7,273,'83.03'),
(9,273,'656.00'),
(10,273,'668.26'),
(14,273,'784.82'),
(15,273,'1506.63'),
(17,273,'1796.46'),
(21,273,'151.80'),
(22,273,'146.24'),
(27,273,'610.66'),
(29,273,'552.61'),
(31,273,'340.68'),
(32,273,'384.72'),
(33,273,'166.77'),
(34,273,'662.28'),
(36,273,'101.48'),
(38,273,'633.58'),
(41,273,'1734.27'),
(44,273,'672.47'),
(45,273,'133.49'),
(46,273,'684.49'),
(47,273,'80.06'),
(48,273,'1872.08'),
(49,273,'179.06'),
(2,149,'87.05'),
(4,149,'169.09'),
(7,149,'90.16'),
(9,149,'623.65'),
(10,149,'674.48'),
(14,149,'695.40'),
(15,149,'1825.77'),
(18,149,'101.61'),
(21,149,'171.93'),
(23,149,'642.88'),
(25,149,'80.96'),
(29,149,'647.66'),
(33,149,'150.62'),
(37,149,'595.68'),
(40,149,'151.46'),
(44,149,'568.52'),
(45,149,'165.24'),
(46,149,'619.16'),
(47,149,'99.61'),
(49,149,'171.67'),
(0,41,'691.98'),
(2,41,'95.82'),
(4,41,'122.73'),
(10,41,'614.22'),
(12,41,'91.59'),
(13,41,'77.05'),
(14,41,'657.33'),
(15,41,'1894.02'),
(16,41,'136.28'),
(17,41,'1814.92'),
(20,41,'122.26'),
(22,41,'142.04'),
(24,41,'145.13'),
(28,41,'138.21'),
(29,41,'782.80'),
(30,41,'91.68'),
(31,41,'323.06'),
(33,41,'137.62'),
(34,41,'581.63'),
(37,41,'737.69'),
(38,41,'699.52'),
(39,41,'140.81'),
(40,41,'161.94'),
(43,41,'1841.32'),
(47,41,'88.86'),
(49,41,'138.59'),
(1,238,'1796.18'),
(3,238,'2031.89'),
(4,238,'136.09'),
(8,238,'350.05'),
(11,238,'1671.18'),
(12,238,'91.39'),
(14,238,'628.79'),
(15,238,'1706.26'),
(18,238,'80.47'),
(24,238,'147.58'),
(25,238,'96.32'),
(27,238,'665.66'),
(28,238,'128.47'),
(29,238,'630.45'),
(32,238,'347.10'),
(35,238,'647.97'),
(38,238,'483.71'),
(40,238,'150.07'),
(42,238,'1871.51'),
(44,238,'669.99'),
(2,166,'89.48'),
(4,166,'146.06'),
(5,166,'90.20'),
(7,166,'81.31'),
(8,166,'397.59'),
(10,166,'746.28'),
(14,166,'656.65'),
(16,166,'147.64'),
(18,166,'102.01'),
(19,166,'64.36'),
(20,166,'119.87'),
(29,166,'705.43'),
(33,166,'132.78'),
(35,166,'681.22'),
(38,166,'775.68'),
(39,166,'194.48'),
(41,166,'1839.73'),
(44,166,'684.69'),
(45,166,'140.04'),
(46,166,'503.58'),
(48,166,'1829.53'),
(2,289,'83.99'),
(4,289,'157.35'),
(5,289,'102.17'),
(7,289,'78.91'),
(8,289,'313.52'),
(9,289,'552.61'),
(11,289,'1587.10'),
(13,289,'93.15'),
(17,289,'2002.03'),
(19,289,'85.43'),
(20,289,'147.21'),
(23,289,'698.92'),
(25,289,'104.49'),
(26,289,'1637.53'),
(30,289,'104.61'),
(31,289,'341.84'),
(33,289,'142.25'),
(34,289,'592.50'),
(35,289,'715.61'),
(42,289,'1420.91'),
(43,289,'1909.39'),
(44,289,'680.11'),
(47,289,'94.73'),
(49,289,'170.05'),
(3,98,'1521.74'),
(11,98,'1837.61'),
(13,98,'106.12'),
(16,98,'159.30'),
(17,98,'1870.24'),
(23,98,'508.25'),
(24,98,'121.00'),
(28,98,'133.52'),
(33,98,'135.87'),
(36,98,'71.55'),
(40,98,'142.88'),
(43,98,'1656.07'),
(44,98,'699.70'),
(45,98,'155.76'),
(47,98,'81.38'),
(48,98,'2134.24'),
(0,15,'623.87'),
(4,15,'150.20'),
(6,15,'1901.04'),
(7,15,'99.91'),
(9,15,'715.34'),
(11,15,'1896.20'),
(18,15,'99.73'),
(19,15,'51.39'),
(23,15,'676.92'),
(26,15,'1871.89'),
(27,15,'551.67'),
(28,15,'147.66'),
(29,15,'622.49'),
(42,15,'1825.62'),
(43,15,'1776.42'),
(44,15,'541.43'),
(45,15,'160.66'),
(47,15,'92.45'),
(49,15,'141.28'),
(0,21,'748.31'),
(1,21,'1746.77'),
(5,21,'77.69'),
(6,21,'1722.93'),
(9,21,'748.32'),
(11,21,'1521.57'),
(12,21,'91.81'),
(14,21,'673.03'),
(16,21,'163.10'),
(18,21,'93.01'),
(20,21,'144.64'),
(21,21,'160.68'),
(24,21,'156.02'),
(25,21,'82.38'),
(26,21,'1656.62'),
(29,21,'715.89'),
(30,21,'94.88'),
(31,21,'317.43'),
(33,21,'128.77'),
(39,21,'155.88'),
(40,21,'151.58'),
(42,21,'1788.97'),
(44,21,'637.10'),
(45,21,'160.41'),
(46,21,'611.72'),
(48,21,'2223.17'),
(1,207,'1699.59'),
(5,207,'76.62'),
(8,207,'388.87'),
(10,207,'700.93'),
(11,207,'1906.22'),
(15,207,'1916.84'),
(18,207,'103.74'),
(19,207,'83.47'),
(23,207,'638.88'),
(24,207,'159.30'),
(26,207,'1867.74'),
(27,207,'607.02'),
(31,207,'371.94'),
(33,207,'156.17'),
(34,207,'697.74'),
(36,207,'99.76'),
(37,207,'669.50'),
(43,207,'1886.21'),
(49,207,'160.54'),
(2,6,'91.88'),
(5,6,'101.79'),
(7,6,'87.23'),
(11,6,'1695.72'),
(13,6,'90.88'),
(14,6,'634.38'),
(18,6,'89.02'),
(20,6,'149.82'),
(21,6,'159.85'),
(22,6,'118.60'),
(26,6,'2048.92'),
(30,6,'95.03'),
(33,6,'153.54'),
(34,6,'721.58'),
(36,6,'102.43'),
(37,6,'652.23'),
(40,6,'150.46'),
(41,6,'1469.35'),
(45,6,'159.12'),
(47,6,'98.40'),
(48,6,'1569.46'),
(0,3,'649.29'),
(1,3,'1732.98'),
(2,3,'95.80'),
(4,3,'168.28'),
(5,3,'96.82'),
(7,3,'88.73'),
(8,3,'384.67'),
(12,3,'92.11'),
(13,3,'89.63'),
(22,3,'180.26'),
(24,3,'151.07'),
(25,3,'75.21'),
(31,3,'442.55'),
(32,3,'372.11'),
(36,3,'111.53'),
(39,3,'143.55'),
(42,3,'2113.16'),
(44,3,'600.49'),
(45,3,'124.94'),
(0,103,'681.34'),
(2,103,'95.25'),
(4,103,'142.12'),
(7,103,'103.97'),
(12,103,'106.69'),
(13,103,'93.90'),
(14,103,'686.31'),
(17,103,'1730.12'),
(18,103,'96.04'),
(22,103,'145.32'),
(24,103,'151.07'),
(28,103,'157.15'),
(30,103,'81.40'),
(31,103,'392.46'),
(34,103,'705.64'),
(39,103,'155.04'),
(41,103,'1676.93'),
(44,103,'629.38'),
(49,103,'138.82'),
(1,123,'1948.72'),
(4,123,'145.39'),
(6,123,'1569.37'),
(11,123,'1570.48'),
(15,123,'1815.23'),
(17,123,'1914.56'),
(22,123,'143.15'),
(23,123,'782.63'),
(24,123,'132.62'),
(26,123,'1900.86'),
(36,123,'83.58'),
(37,123,'687.95'),
(40,123,'129.98'),
(41,123,'1773.90'),
(42,123,'1875.01'),
(43,123,'1475.54'),
(46,123,'758.88'),
(49,123,'138.19'),
(1,114,'1572.88'),
(3,114,'2057.52'),
(6,114,'1693.37'),
(12,114,'91.40'),
(14,114,'708.58'),
(15,114,'1747.38'),
(16,114,'115.99'),
(21,114,'154.36'),
(23,114,'653.34'),
(26,114,'1684.76'),
(28,114,'149.37'),
(29,114,'652.77'),
(33,114,'152.34'),
(34,114,'686.26'),
(40,114,'159.08'),
(42,114,'1629.88'),
(43,114,'1923.36'),
(45,114,'143.24'),
(49,114,'150.61'),
(0,55,'693.56'),
(4,55,'134.18'),
(6,55,'1783.83'),
(9,55,'623.12'),
(16,55,'150.67'),
(17,55,'1557.64'),
(18,55,'86.54'),
(19,55,'94.33'),
(21,55,'183.98'),
(23,55,'537.00'),
(26,55,'2033.58'),
(29,55,'634.00'),
(35,55,'563.81'),
(37,55,'649.93'),
(39,55,'150.09'),
(42,55,'1903.33'),
(44,55,'650.40'),
(46,55,'629.44'),
(48,55,'1750.36'),
(1,51,'1816.78'),
(2,51,'80.03'),
(9,51,'701.60'),
(10,51,'758.93'),
(12,51,'85.96'),
(13,51,'88.89'),
(14,51,'600.23'),
(16,51,'179.68'),
(18,51,'97.32'),
(22,51,'134.24'),
(23,51,'714.57'),
(24,51,'125.73'),
(26,51,'1796.67'),
(27,51,'631.08'),
(28,51,'139.51'),
(29,51,'649.15'),
(34,51,'675.86'),
(36,51,'100.29'),
(37,51,'686.78'),
(38,51,'536.30'),
(41,51,'1870.64'),
(43,51,'1553.77'),
(44,51,'577.01'),
(45,51,'154.39'),
(3,236,'1490.53'),
(10,236,'710.93'),
(11,236,'1848.22'),
(13,236,'75.70'),
(16,236,'148.87'),
(19,236,'91.42'),
(22,236,'148.69'),
(24,236,'152.03'),
(29,236,'635.33'),
(33,236,'132.98'),
(35,236,'717.78'),
(40,236,'140.47'),
(47,236,'96.93'),
(49,236,'161.37'),
(1,170,'1551.59'),
(2,170,'93.61'),
(6,170,'1618.85'),
(7,170,'91.82'),
(9,170,'627.55'),
(12,170,'93.00'),
(14,170,'708.05'),
(17,170,'1945.96'),
(18,170,'77.08'),
(19,170,'99.32'),
(23,170,'599.10'),
(26,170,'1834.24'),
(28,170,'138.32'),
(30,170,'86.91'),
(32,170,'412.05'),
(35,170,'656.72'),
(39,170,'129.67'),
(42,170,'1618.72'),
(43,170,'1843.30'),
(44,170,'676.70'),
(47,170,'92.66'),
(48,170,'1704.14'),
(0,2,'533.10'),
(4,2,'142.34'),
(5,2,'91.40'),
(6,2,'1702.07'),
(7,2,'99.29'),
(8,2,'343.73'),
(10,2,'751.24'),
(15,2,'1563.65'),
(18,2,'81.11'),
(22,2,'164.88'),
(28,2,'170.48'),
(29,2,'594.48'),
(39,2,'128.91'),
(40,2,'149.86'),
(42,2,'2012.36'),
(44,2,'513.62'),
(48,2,'1876.76'),
(4,97,'132.42'),
(7,97,'94.96'),
(8,97,'365.17'),
(12,97,'76.08'),
(16,97,'150.73'),
(18,97,'87.47'),
(19,97,'94.32'),
(25,97,'84.03'),
(31,97,'421.26'),
(37,97,'608.39'),
(41,97,'1822.24'),
(42,97,'1611.29'),
(44,97,'666.58'),
(47,97,'99.33'),
(0,20,'656.15'),
(1,20,'1621.66'),
(3,20,'2160.79'),
(4,20,'157.83'),
(6,20,'1593.26'),
(8,20,'417.34'),
(11,20,'2207.65'),
(12,20,'81.69'),
(15,20,'1602.28'),
(23,20,'807.72'),
(25,20,'94.93'),
(26,20,'1659.08'),
(27,20,'652.59'),
(33,20,'144.59'),
(34,20,'596.40'),
(35,20,'576.12'),
(37,20,'782.34'),
(38,20,'747.10'),
(45,20,'125.40'),
(48,20,'1783.33'),
(3,203,'1831.27'),
(6,203,'1833.21'),
(11,203,'1941.34'),
(14,203,'704.85'),
(17,203,'1821.45'),
(18,203,'87.79'),
(19,203,'84.06'),
(22,203,'159.87'),
(24,203,'141.36'),
(25,203,'98.67'),
(26,203,'1683.75'),
(39,203,'167.55'),
(41,203,'1860.90'),
(42,203,'2153.03'),
(43,203,'1782.62'),
(44,203,'811.34'),
(45,203,'167.60'),
(47,203,'87.69'),
(48,203,'1887.00'),
(2,172,'93.05'),
(3,172,'2079.11'),
(4,172,'133.81'),
(6,172,'1987.54'),
(7,172,'78.53'),
(11,172,'1818.48'),
(12,172,'71.88'),
(15,172,'1728.86'),
(18,172,'79.61'),
(20,172,'163.14'),
(21,172,'131.15'),
(23,172,'576.97'),
(24,172,'131.16'),
(26,172,'1924.70'),
(31,172,'347.28'),
(37,172,'534.21'),
(38,172,'510.66'),
(39,172,'148.84'),
(40,172,'156.73'),
(42,172,'1438.02'),
(47,172,'91.24'),
(1,247,'1677.52'),
(2,247,'81.27'),
(3,247,'1824.96'),
(5,247,'92.83'),
(17,247,'1418.26'),
(18,247,'77.01'),
(22,247,'130.57'),
(23,247,'631.29'),
(25,247,'88.88'),
(26,247,'2034.33'),
(31,247,'305.15'),
(32,247,'378.12'),
(34,247,'677.22'),
(35,247,'689.39'),
(36,247,'89.05'),
(38,247,'686.98'),
(39,247,'138.89'),
(41,247,'1833.76'),
(49,247,'167.20'),
(5,152,'73.24'),
(6,152,'1458.49'),
(7,152,'84.20'),
(8,152,'314.56'),
(10,152,'599.63'),
(11,152,'1868.87'),
(13,152,'77.90'),
(19,152,'85.87'),
(20,152,'143.09'),
(21,152,'145.94'),
(28,152,'156.06'),
(33,152,'178.74'),
(34,152,'612.11'),
(38,152,'700.87'),
(39,152,'169.11'),
(42,152,'1969.12'),
(48,152,'1771.10'),
(2,75,'89.17'),
(3,75,'1838.39'),
(4,75,'159.71'),
(5,75,'99.77'),
(6,75,'1637.43'),
(11,75,'1562.76'),
(14,75,'649.12'),
(16,75,'164.83'),
(17,75,'1765.11'),
(18,75,'93.60'),
(20,75,'135.15'),
(23,75,'683.44'),
(25,75,'85.47'),
(27,75,'637.50'),
(29,75,'519.03'),
(30,75,'71.45'),
(32,75,'362.24'),
(38,75,'620.22'),
(44,75,'684.32'),
(47,75,'92.74'),
(48,75,'1811.35'),
(0,164,'712.65'),
(10,164,'635.76'),
(11,164,'1645.69'),
(12,164,'80.48'),
(14,164,'602.99'),
(15,164,'1565.63'),
(20,164,'162.03'),
(23,164,'716.82'),
(24,164,'169.98'),
(29,164,'533.79'),
(31,164,'311.60'),
(35,164,'709.82'),
(43,164,'1923.92'),
(44,164,'621.50'),
(45,164,'156.57'),
(46,164,'624.40'),
(48,164,'1678.63'),
(1,63,'1498.79'),
(4,63,'152.58'),
(6,63,'1563.46'),
(8,63,'409.93'),
(12,63,'84.20'),
(13,63,'84.49'),
(14,63,'697.62'),
(15,63,'1634.72'),
(19,63,'96.24'),
(22,63,'149.58'),
(25,63,'89.70'),
(26,63,'2012.84'),
(28,63,'118.98'),
(32,63,'358.19'),
(34,63,'699.14'),
(39,63,'158.47'),
(40,63,'132.72'),
(41,63,'1591.62'),
(42,63,'1890.50'),
(43,63,'1853.10'),
(47,63,'81.07'),
(49,63,'154.98'),
(0,22,'801.51'),
(4,22,'126.50'),
(8,22,'345.71'),
(11,22,'2073.40'),
(13,22,'97.42'),
(14,22,'622.48'),
(23,22,'664.42'),
(27,22,'652.56'),
(29,22,'675.51'),
(30,22,'93.95'),
(31,22,'372.38'),
(32,22,'357.12'),
(34,22,'553.96'),
(38,22,'696.03'),
(40,22,'158.03'),
(41,22,'1525.76'),
(43,22,'1641.44'),
(44,22,'724.89'),
(1,45,'1683.49'),
(2,45,'100.10'),
(3,45,'2180.64'),
(4,45,'165.42'),
(7,45,'73.81'),
(9,45,'688.06'),
(11,45,'1804.01'),
(14,45,'663.99'),
(16,45,'172.50'),
(17,45,'1645.13'),
(18,45,'89.57'),
(19,45,'91.26'),
(21,45,'161.48'),
(22,45,'147.61'),
(24,45,'166.30'),
(25,45,'97.75'),
(26,45,'1794.97'),
(31,45,'355.05'),
(36,45,'89.55'),
(37,45,'618.98'),
(38,45,'696.63'),
(39,45,'136.97'),
(43,45,'1823.54'),
(45,45,'163.46'),
(49,45,'171.92'),
(0,72,'770.06'),
(2,72,'88.48'),
(4,72,'144.60'),
(6,72,'2007.63'),
(10,72,'443.17'),
(21,72,'123.23'),
(25,72,'81.35'),
(27,72,'557.76'),
(28,72,'148.62'),
(30,72,'99.16'),
(32,72,'329.48'),
(33,72,'124.00'),
(34,72,'710.29'),
(35,72,'652.36'),
(38,72,'762.16'),
(41,72,'1641.63'),
(42,72,'1648.20'),
(49,72,'145.83'),
(1,144,'1961.96'),
(2,144,'80.35'),
(7,144,'97.65'),
(8,144,'343.02'),
(9,144,'597.60'),
(13,144,'91.76'),
(15,144,'1752.22'),
(18,144,'91.67'),
(19,144,'94.11'),
(20,144,'162.98'),
(22,144,'148.67'),
(23,144,'544.73'),
(25,144,'98.81'),
(26,144,'2017.75'),
(27,144,'704.59'),
(28,144,'137.51'),
(30,144,'80.32'),
(33,144,'139.87'),
(35,144,'658.89'),
(36,144,'84.94'),
(40,144,'170.00'),
(41,144,'1682.82'),
(42,144,'1677.41'),
(46,144,'724.85'),
(48,144,'1808.29'),
(49,144,'173.66'),
(0,25,'607.34'),
(3,25,'1648.89'),
(7,25,'101.89'),
(9,25,'626.73'),
(12,25,'94.35'),
(15,25,'1750.78'),
(16,25,'136.97'),
(18,25,'94.67'),
(20,25,'151.50'),
(21,25,'178.95'),
(22,25,'165.60'),
(23,25,'629.76'),
(25,25,'107.45'),
(27,25,'624.99'),
(28,25,'167.72'),
(29,25,'696.59'),
(37,25,'637.82'),
(41,25,'1917.90'),
(44,25,'721.31'),
(46,25,'552.29'),
(48,25,'1949.15'),
(49,25,'140.32'),
(0,5,'705.14'),
(3,5,'1361.41'),
(4,5,'123.07'),
(6,5,'1731.43'),
(8,5,'337.19'),
(9,5,'728.17'),
(12,5,'89.47'),
(13,5,'81.92'),
(15,5,'1689.33'),
(18,5,'102.83'),
(19,5,'92.25'),
(21,5,'130.86'),
(22,5,'177.47'),
(26,5,'2038.18'),
(29,5,'577.64'),
(32,5,'334.20'),
(35,5,'724.09'),
(37,5,'688.38'),
(38,5,'720.90'),
(39,5,'143.50'),
(41,5,'1982.08'),
(43,5,'1903.09'),
(44,5,'568.77'),
(45,5,'142.41'),
(49,5,'152.74'),
(1,115,'1408.88'),
(3,115,'2021.09'),
(5,115,'100.53'),
(6,115,'2108.53'),
(10,115,'657.07'),
(12,115,'101.00'),
(14,115,'548.50'),
(15,115,'1809.85'),
(17,115,'1966.71'),
(18,115,'92.96'),
(23,115,'661.43'),
(24,115,'126.49'),
(25,115,'83.56'),
(28,115,'183.30'),
(29,115,'662.38'),
(30,115,'82.76'),
(33,115,'132.99'),
(38,115,'574.06'),
(39,115,'157.69'),
(43,115,'1925.47'),
(44,115,'586.49'),
(47,115,'88.82'),
(0,196,'663.66'),
(2,196,'93.24'),
(5,196,'101.63'),
(8,196,'367.23'),
(9,196,'618.77'),
(13,196,'87.13'),
(15,196,'1687.18'),
(16,196,'144.36'),
(18,196,'98.74'),
(23,196,'683.04'),
(30,196,'91.70'),
(31,196,'348.90'),
(38,196,'586.71'),
(42,196,'1702.54'),
(43,196,'1845.43'),
(0,99,'693.39'),
(1,99,'1722.59'),
(6,99,'2222.64'),
(10,99,'561.37'),
(11,99,'1735.45'),
(12,99,'89.21'),
(13,99,'100.38'),
(15,99,'1695.14'),
(16,99,'159.92'),
(17,99,'1763.32'),
(18,99,'91.66'),
(23,99,'645.96'),
(24,99,'152.79'),
(26,99,'2183.91'),
(27,99,'570.11'),
(31,99,'402.73'),
(33,99,'179.25'),
(36,99,'87.23'),
(37,99,'659.80'),
(43,99,'2125.67'),
(44,99,'686.43'),
(48,99,'1768.02'),
(49,99,'130.23'),
(4,221,'129.54'),
(7,221,'94.97'),
(10,221,'572.58'),
(12,221,'95.54'),
(14,221,'575.81'),
(15,221,'1897.85'),
(17,221,'1862.71'),
(18,221,'98.14'),
(21,221,'165.72'),
(23,221,'780.31'),
(31,221,'380.89'),
(32,221,'364.76'),
(33,221,'142.86'),
(34,221,'690.11'),
(35,221,'690.24'),
(37,221,'678.33'),
(38,221,'661.71'),
(39,221,'140.29'),
(40,221,'136.50'),
(42,221,'2144.82'),
(46,221,'628.72'),
(48,221,'1642.24'),
(3,245,'1800.32'),
(11,245,'1835.97'),
(12,245,'91.01'),
(14,245,'565.22'),
(15,245,'1914.96'),
(17,245,'1930.31'),
(19,245,'90.42'),
(20,245,'170.73'),
(22,245,'144.82'),
(24,245,'165.81'),
(25,245,'81.11'),
(27,245,'573.79'),
(28,245,'132.83'),
(30,245,'87.59'),
(35,245,'516.49'),
(36,245,'88.06'),
(37,245,'763.73'),
(38,245,'723.04'),
(39,245,'125.82'),
(40,245,'147.41'),
(48,245,'1784.60'),
(49,245,'137.65'),
(0,104,'626.49'),
(1,104,'1517.22'),
(4,104,'168.78'),
(5,104,'79.85'),
(6,104,'2122.37'),
(10,104,'676.63'),
(14,104,'566.90'),
(15,104,'1591.05'),
(17,104,'1743.69'),
(22,104,'148.54'),
(23,104,'682.43'),
(28,104,'184.41'),
(29,104,'595.84'),
(35,104,'652.75'),
(36,104,'108.76'),
(38,104,'744.66'),
(44,104,'781.76'),
(3,293,'1705.21'),
(7,293,'92.41'),
(10,293,'679.81'),
(11,293,'1602.86'),
(14,293,'695.54'),
(16,293,'173.31'),
(18,293,'89.52'),
(20,293,'123.73'),
(22,293,'139.44'),
(24,293,'154.21'),
(27,293,'685.67'),
(30,293,'103.15'),
(31,293,'326.62'),
(33,293,'157.93'),
(34,293,'586.61'),
(36,293,'82.14'),
(44,293,'679.59'),
(45,293,'136.51'),
(46,293,'526.09'),
(48,293,'1583.19'),
(49,293,'178.25'),
(0,228,'676.68'),
(1,228,'1696.06'),
(2,228,'87.64'),
(4,228,'176.20'),
(6,228,'1632.77'),
(7,228,'85.38'),
(8,228,'383.46'),
(10,228,'575.24'),
(13,228,'89.75'),
(14,228,'613.77'),
(15,228,'1828.04'),
(20,228,'159.13'),
(26,228,'2012.14'),
(28,228,'141.16'),
(29,228,'671.51'),
(31,228,'371.96'),
(33,228,'140.71'),
(40,228,'132.41'),
(44,228,'667.29'),
(47,228,'95.12'),
(49,228,'145.62'),
(2,212,'89.68'),
(5,212,'84.19'),
(7,212,'85.23'),
(11,212,'1715.46'),
(17,212,'1909.63'),
(18,212,'84.12'),
(23,212,'616.62'),
(27,212,'675.97'),
(28,212,'163.96'),
(29,212,'687.31'),
(30,212,'105.54'),
(34,212,'617.60'),
(39,212,'144.77'),
(40,212,'135.39'),
(41,212,'1603.89'),
(48,212,'1617.31'),
(49,212,'149.75'),
(0,110,'743.41'),
(1,110,'1741.56'),
(2,110,'81.47'),
(6,110,'1755.77'),
(11,110,'1565.02'),
(17,110,'1534.73'),
(19,110,'80.82'),
(22,110,'149.92'),
(26,110,'1594.42'),
(28,110,'159.86'),
(31,110,'356.53'),
(33,110,'139.83'),
(34,110,'682.66'),
(35,110,'564.87'),
(37,110,'651.48'),
(39,110,'141.75'),
(43,110,'2189.04'),
(44,110,'727.90'),
(45,110,'142.25'),
(46,110,'732.39'),
(47,110,'85.22'),
(49,110,'161.99'),
(0,122,'592.53'),
(1,122,'2010.07'),
(2,122,'86.82'),
(5,122,'90.45'),
(8,122,'376.59'),
(9,122,'567.77'),
(12,122,'83.47'),
(14,122,'743.16'),
(15,122,'1889.28'),
(17,122,'1835.58'),
(19,122,'100.07'),
(20,122,'135.69'),
(21,122,'160.48'),
(22,122,'150.80'),
(24,122,'155.83'),
(26,122,'1455.84'),
(31,122,'326.22'),
(33,122,'161.78'),
(34,122,'670.41'),
(35,122,'660.17'),
(38,122,'652.27'),
(45,122,'141.27'),
(47,122,'92.44'),
(0,219,'555.20'),
(4,219,'148.86'),
(8,219,'314.67'),
(9,219,'694.24'),
(16,219,'146.26'),
(25,219,'88.22'),
(26,219,'1648.99'),
(29,219,'626.27'),
(30,219,'82.84'),
(32,219,'315.43'),
(34,219,'451.19'),
(35,219,'698.10'),
(36,219,'83.50'),
(37,219,'712.53'),
(39,219,'142.69'),
(40,219,'152.87'),
(41,219,'1816.33'),
(42,219,'1602.09'),
(43,219,'1904.03'),
(44,219,'690.70'),
(45,219,'133.47'),
(47,219,'80.77'),
(7,235,'93.04'),
(10,235,'654.22'),
(12,235,'89.06'),
(16,235,'156.40'),
(18,235,'82.78'),
(19,235,'85.49'),
(21,235,'150.44'),
(23,235,'632.67'),
(24,235,'132.21'),
(26,235,'1635.49'),
(29,235,'539.73'),
(31,235,'373.55'),
(32,235,'341.30'),
(33,235,'152.61'),
(34,235,'637.37'),
(39,235,'156.35'),
(42,235,'1870.65'),
(43,235,'1789.42'),
(45,235,'142.92'),
(49,235,'130.42'),
(2,34,'97.65'),
(4,34,'147.42'),
(5,34,'93.32'),
(6,34,'1639.49'),
(8,34,'345.28'),
(11,34,'1458.90'),
(15,34,'1919.65'),
(16,34,'186.54'),
(17,34,'1672.06'),
(19,34,'84.40'),
(23,34,'645.10'),
(24,34,'139.13'),
(25,34,'69.35'),
(28,34,'153.22'),
(32,34,'363.14'),
(33,34,'170.33'),
(41,34,'1679.74'),
(47,34,'86.64'),
(0,179,'693.10'),
(1,179,'1992.90'),
(2,179,'94.13'),
(5,179,'75.59'),
(7,179,'87.64'),
(9,179,'696.34'),
(11,179,'1842.82'),
(13,179,'94.94'),
(15,179,'1570.77'),
(17,179,'2069.22'),
(18,179,'95.13'),
(20,179,'150.56'),
(21,179,'149.43'),
(24,179,'147.50'),
(26,179,'2089.04'),
(28,179,'160.73'),
(29,179,'561.69'),
(33,179,'152.74'),
(35,179,'599.23'),
(36,179,'83.65'),
(41,179,'1422.04'),
(46,179,'683.31'),
(48,179,'1828.32'),
(49,179,'146.12'),
(4,133,'138.11'),
(7,133,'92.99'),
(9,133,'644.28'),
(12,133,'98.05'),
(13,133,'88.65'),
(14,133,'523.84'),
(16,133,'144.48'),
(17,133,'1719.30'),
(24,133,'172.39'),
(32,133,'367.88'),
(33,133,'161.59'),
(34,133,'650.87'),
(38,133,'608.02'),
(41,133,'1993.01'),
(42,133,'1470.02'),
(45,133,'152.92'),
(46,133,'697.95'),
(48,133,'1546.72'),
(49,133,'159.86'),
(4,53,'123.43'),
(5,53,'89.40'),
(6,53,'1840.85'),
(7,53,'107.42'),
(14,53,'581.64'),
(15,53,'1610.69'),
(17,53,'1966.50'),
(18,53,'92.16'),
(19,53,'97.30'),
(25,53,'102.79'),
(29,53,'682.93'),
(30,53,'84.37'),
(31,53,'357.63'),
(33,53,'178.91'),
(34,53,'726.28'),
(38,53,'716.78'),
(39,53,'150.94'),
(40,53,'164.10'),
(44,53,'648.45'),
(45,53,'167.25'),
(46,53,'582.56'),
(47,53,'85.68'),
(1,232,'1816.62'),
(4,232,'146.00'),
(5,232,'101.38'),
(9,232,'583.15'),
(10,232,'576.97'),
(11,232,'1610.10'),
(14,232,'635.60'),
(18,232,'92.14'),
(20,232,'163.12'),
(21,232,'146.70'),
(25,232,'100.61'),
(29,232,'628.88'),
(30,232,'88.33'),
(37,232,'641.70'),
(38,232,'782.51'),
(40,232,'143.08'),
(42,232,'1529.15'),
(43,232,'1673.99'),
(46,232,'799.94'),
(48,232,'1717.49'),
(49,232,'119.50'),
(5,153,'83.09'),
(6,153,'1987.93'),
(9,153,'586.42'),
(12,153,'73.96'),
(13,153,'80.19'),
(14,153,'629.20'),
(15,153,'1851.52'),
(17,153,'1681.07'),
(19,153,'88.25'),
(28,153,'123.30'),
(32,153,'394.74'),
(34,153,'580.59'),
(39,153,'156.07'),
(44,153,'613.19'),
(45,153,'138.47'),
(48,153,'1802.13'),
(49,153,'139.76'),
(0,256,'606.14'),
(2,256,'98.48'),
(3,256,'1991.06'),
(5,256,'96.04'),
(6,256,'1858.40'),
(9,256,'673.84'),
(11,256,'1988.55'),
(18,256,'84.90'),
(21,256,'147.31'),
(23,256,'584.22'),
(24,256,'149.71'),
(25,256,'88.56'),
(26,256,'1570.44'),
(30,256,'89.59'),
(31,256,'395.77'),
(32,256,'350.81'),
(35,256,'610.10'),
(38,256,'697.58'),
(41,256,'1699.48'),
(42,256,'1814.09'),
(45,256,'162.92'),
(48,256,'1809.12'),
(3,131,'1940.74'),
(7,131,'88.95'),
(11,131,'1708.41'),
(12,131,'104.71'),
(13,131,'86.89'),
(16,131,'147.46'),
(17,131,'1854.51'),
(18,131,'82.05'),
(22,131,'155.11'),
(24,131,'140.55'),
(26,131,'1845.54'),
(28,131,'138.51'),
(29,131,'559.62'),
(30,131,'72.10'),
(32,131,'363.19'),
(37,131,'603.40'),
(40,131,'133.80'),
(42,131,'1638.03'),
(45,131,'147.12'),
(5,121,'87.55'),
(7,121,'72.53'),
(8,121,'386.00'),
(10,121,'580.27'),
(12,121,'115.87'),
(13,121,'81.01'),
(15,121,'1537.25'),
(23,121,'648.65'),
(24,121,'146.54'),
(29,121,'711.67'),
(32,121,'395.77'),
(38,121,'640.83'),
(39,121,'140.82'),
(40,121,'157.80'),
(41,121,'1856.48'),
(49,121,'133.61'),
(0,17,'663.35'),
(1,17,'1791.93'),
(2,17,'81.40'),
(4,17,'152.20'),
(5,17,'84.29'),
(8,17,'352.72'),
(9,17,'715.06'),
(21,17,'129.80'),
(26,17,'1635.30'),
(28,17,'146.23'),
(35,17,'661.94'),
(36,17,'97.53'),
(38,17,'669.16'),
(39,17,'155.01'),
(41,17,'1792.03'),
(42,17,'1567.61'),
(43,17,'1965.72'),
(45,17,'150.73'),
(46,17,'635.04'),
(47,17,'96.92'),
(48,17,'2087.88'),
(4,161,'156.80'),
(6,161,'2149.10'),
(8,161,'346.15'),
(10,161,'629.90'),
(11,161,'1895.27'),
(12,161,'100.05'),
(16,161,'186.12'),
(18,161,'85.42'),
(21,161,'172.17'),
(23,161,'663.60'),
(24,161,'135.95'),
(26,161,'1622.74'),
(27,161,'636.37'),
(28,161,'138.38'),
(30,161,'92.86'),
(32,161,'333.67'),
(38,161,'701.91'),
(39,161,'155.14'),
(40,161,'137.22'),
(43,161,'1850.11'),
(44,161,'526.19'),
(8,192,'361.77'),
(9,192,'744.19'),
(10,192,'609.50'),
(11,192,'1559.81'),
(13,192,'87.87'),
(18,192,'84.90'),
(19,192,'98.15'),
(20,192,'151.84'),
(21,192,'183.15'),
(23,192,'791.22'),
(27,192,'653.47'),
(30,192,'104.46'),
(32,192,'347.44'),
(33,192,'181.86'),
(36,192,'105.13'),
(41,192,'1655.18'),
(45,192,'142.01'),
(2,68,'87.81'),
(3,68,'1666.15'),
(4,68,'176.90'),
(5,68,'78.01'),
(6,68,'1615.24'),
(7,68,'89.96'),
(8,68,'327.75'),
(12,68,'96.12'),
(13,68,'90.32'),
(17,68,'1785.40'),
(24,68,'156.96'),
(30,68,'98.76'),
(31,68,'412.25'),
(36,68,'76.56'),
(38,68,'662.28'),
(39,68,'134.58'),
(44,68,'763.56'),
(47,68,'86.09'),
(48,68,'2022.53'),
(0,209,'655.79'),
(7,209,'76.84'),
(8,209,'346.71'),
(13,209,'92.97'),
(15,209,'1672.97'),
(17,209,'1545.97'),
(19,209,'91.15'),
(20,209,'168.88'),
(21,209,'151.43'),
(22,209,'135.79'),
(24,209,'164.61'),
(25,209,'76.42'),
(26,209,'1682.50'),
(28,209,'163.83'),
(31,209,'345.72'),
(34,209,'646.52'),
(35,209,'725.87'),
(45,209,'162.58'),
(47,209,'93.64'),
(2,274,'84.97'),
(3,274,'1838.99'),
(7,274,'87.75'),
(8,274,'287.41'),
(11,274,'1753.27'),
(12,274,'94.94'),
(14,274,'686.01'),
(15,274,'1874.16'),
(16,274,'132.42'),
(17,274,'1904.95'),
(19,274,'91.25'),
(25,274,'72.78'),
(37,274,'767.07'),
(46,274,'669.53'),
(47,274,'97.48'),
(48,274,'1733.75'),
(2,102,'86.68'),
(6,102,'1653.58'),
(8,102,'281.76'),
(10,102,'669.16'),
(11,102,'1867.78'),
(17,102,'2019.48'),
(20,102,'155.86'),
(21,102,'169.18'),
(22,102,'137.88'),
(23,102,'659.80'),
(24,102,'155.70'),
(31,102,'390.24'),
(32,102,'384.48'),
(33,102,'132.23'),
(34,102,'681.54'),
(37,102,'676.97'),
(40,102,'158.30'),
(41,102,'1912.72'),
(43,102,'1726.66'),
(45,102,'142.04'),
(46,102,'672.98'),
(2,285,'90.70'),
(5,285,'93.22'),
(7,285,'95.27'),
(9,285,'716.85'),
(11,285,'1633.59'),
(12,285,'84.55'),
(13,285,'83.47'),
(14,285,'556.02'),
(17,285,'1794.26'),
(18,285,'87.37'),
(19,285,'99.57'),
(20,285,'148.85'),
(21,285,'169.85'),
(22,285,'135.11'),
(23,285,'604.35'),
(24,285,'122.81'),
(26,285,'1863.76'),
(27,285,'769.80'),
(29,285,'546.70'),
(33,285,'124.25'),
(36,285,'98.60'),
(37,285,'564.49'),
(42,285,'1868.21'),
(47,285,'82.10'),
(48,285,'1827.52'),
(49,285,'143.94'),
(1,73,'1580.71'),
(2,73,'83.34'),
(3,73,'1902.68'),
(4,73,'165.29'),
(5,73,'88.47'),
(6,73,'1991.44'),
(7,73,'88.84'),
(8,73,'373.82'),
(9,73,'626.82'),
(14,73,'586.05'),
(16,73,'153.59'),
(19,73,'94.85'),
(20,73,'147.53'),
(21,73,'167.45'),
(22,73,'141.73'),
(23,73,'699.92'),
(24,73,'138.46'),
(26,73,'1657.51'),
(27,73,'742.41'),
(32,73,'342.59'),
(33,73,'129.30'),
(37,73,'657.24'),
(40,73,'158.56'),
(43,73,'1842.53'),
(45,73,'151.22'),
(47,73,'77.84'),
(1,287,'1589.31'),
(4,287,'126.88'),
(5,287,'83.58'),
(6,287,'1662.32'),
(7,287,'79.52'),
(9,287,'728.61'),
(12,287,'92.38'),
(13,287,'90.28'),
(14,287,'626.32'),
(16,287,'154.78'),
(20,287,'155.16'),
(21,287,'139.90'),
(22,287,'184.75'),
(28,287,'130.72'),
(30,287,'90.63'),
(31,287,'320.11'),
(35,287,'535.03'),
(36,287,'76.17'),
(39,287,'139.55'),
(44,287,'647.69'),
(45,287,'146.32'),
(46,287,'595.57'),
(48,287,'2012.00'),
(1,174,'1548.13'),
(3,174,'1680.97'),
(5,174,'90.64'),
(6,174,'1718.76'),
(8,174,'366.57'),
(10,174,'684.82'),
(11,174,'1915.40'),
(15,174,'1858.88'),
(16,174,'178.28'),
(17,174,'1688.03'),
(18,174,'87.00'),
(22,174,'126.38'),
(24,174,'148.01'),
(25,174,'80.80'),
(29,174,'687.21'),
(35,174,'668.02'),
(36,174,'92.61'),
(37,174,'683.35'),
(40,174,'135.00'),
(43,174,'1911.75'),
(44,174,'650.49'),
(45,174,'162.37'),
(46,174,'611.83'),
(4,264,'130.68'),
(8,264,'395.33'),
(9,264,'566.55'),
(10,264,'723.83'),
(11,264,'1595.23'),
(13,264,'86.22'),
(14,264,'742.50'),
(15,264,'1728.16'),
(17,264,'2050.87'),
(24,264,'163.61'),
(34,264,'561.05'),
(37,264,'697.16'),
(39,264,'145.10'),
(40,264,'149.00'),
(41,264,'1705.78'),
(42,264,'1882.80'),
(45,264,'141.27'),
(48,264,'1813.08'),
(0,260,'674.41'),
(1,260,'1959.78'),
(3,260,'1740.49'),
(5,260,'96.31'),
(7,260,'100.71'),
(8,260,'352.73'),
(9,260,'610.72'),
(10,260,'612.43'),
(13,260,'90.26'),
(14,260,'602.36'),
(15,260,'2063.38'),
(18,260,'82.73'),
(23,260,'774.30'),
(27,260,'697.59'),
(28,260,'159.57'),
(31,260,'351.87'),
(33,260,'167.56'),
(36,260,'81.46'),
(43,260,'2155.30'),
(0,275,'598.13'),
(1,275,'1392.15'),
(2,275,'88.15'),
(5,275,'77.32'),
(6,275,'1720.32'),
(10,275,'482.46'),
(14,275,'622.72'),
(17,275,'1679.36'),
(18,275,'105.03'),
(22,275,'180.61'),
(23,275,'649.15'),
(29,275,'662.59'),
(30,275,'81.50'),
(34,275,'644.53'),
(35,275,'666.37'),
(36,275,'85.92'),
(39,275,'126.34'),
(42,275,'1989.70'),
(48,275,'2099.91'),
(49,275,'146.57'),
(1,84,'1764.10'),
(7,84,'92.49'),
(8,84,'318.00'),
(9,84,'650.03'),
(11,84,'1739.90'),
(14,84,'657.55'),
(15,84,'1811.38'),
(16,84,'151.70'),
(22,84,'147.81'),
(24,84,'166.30'),
(25,84,'103.97'),
(29,84,'632.99'),
(31,84,'326.47'),
(32,84,'308.60'),
(36,84,'99.76'),
(37,84,'724.52'),
(41,84,'2118.01'),
(45,84,'151.63'),
(46,84,'697.80'),
(47,84,'96.61'),
(49,84,'154.38'),
(2,119,'75.36'),
(3,119,'1831.56'),
(4,119,'138.98'),
(6,119,'1590.69'),
(7,119,'94.30'),
(9,119,'661.37'),
(12,119,'85.73'),
(13,119,'88.65'),
(14,119,'613.51'),
(15,119,'1803.20'),
(16,119,'125.87'),
(20,119,'159.12'),
(24,119,'137.32'),
(28,119,'164.87'),
(30,119,'89.77'),
(31,119,'286.49'),
(37,119,'780.49'),
(40,119,'166.25'),
(42,119,'1787.31'),
(45,119,'128.95'),
(48,119,'1813.77'),
(4,65,'144.36'),
(7,65,'77.83'),
(8,65,'364.50'),
(10,65,'632.47'),
(11,65,'1919.64'),
(12,65,'89.00'),
(16,65,'165.22'),
(18,65,'72.06'),
(20,65,'165.58'),
(21,65,'149.55'),
(24,65,'176.51'),
(29,65,'639.93'),
(30,65,'88.27'),
(31,65,'427.72'),
(37,65,'662.05'),
(40,65,'143.29'),
(44,65,'739.91'),
(48,65,'1821.27'),
(49,65,'147.20');